2.556591621704093242e+01,-2.367115440487831179e+01,2.020081647009297043e+00,1.768656050607084973e+00,-3.257528469175162922e+00,3.350612983561501945e+00,-2.488331889882535286e+00,1.957713058930393435e-01,1.492358911646475272e-01
2.815431656212400924e+01,-2.570910235567209767e+01,1.830139421283737411e+00,1.812684445513384146e+00,-3.422159513021641786e+00,3.263200291649742013e+00,-2.928067950768783678e+00,1.889069537172072266e-01,1.392597976851231989e-01
3.061017296224497031e+01,-2.778766509135709128e+01,1.796139285275351494e+00,1.768148560883655795e+00,-3.254638180770562439e+00,3.179726352538610801e+00,-2.759055618499106188e+00,1.865147472306684928e-01,1.367282252443808299e-01
3.169753209539688399e+01,-2.866305082035952623e+01,1.719678475516778215e+00,1.805265884158515632e+00,-3.350336623117409651e+00,3.265844769342117093e+00,-2.842173498422969846e+00,1.899685775696725309e-01,1.375702328610912684e-01
2.846508515917582827e+01,-2.609778347573150015e+01,1.550035226005167965e+00,1.907025391192299191e+00,-3.399483155294507064e+00,3.290421115913322758e+00,-2.911299706528826636e+00,2.036013769684534014e-01,1.518502337123049939e-01
2.956657295743458747e+01,-2.696818041311580672e+01,1.732429324583123931e+00,1.890116504234564454e+00,-3.397218674466714550e+00,3.341441861348845688e+00,-2.999127253856217479e+00,1.973233962211065617e-01,1.454018226848252660e-01
3.906309564586502603e+01,-3.506326092416251328e+01,2.023948286538465702e+00,1.649363794835536856e+00,-2.712982693265969747e+00,2.925997584124193640e+00,-2.007741538587788366e+00,1.900118640779363544e-01,1.377887706327129425e-01
2.201308542904965648e+01,-2.020884862759599088e+01,2.639612628224554225e+00,1.788074647336451273e+00,-3.391827781129834740e+00,2.861997680411276779e+00,-3.013059247486964853e+00,1.815301204995856954e-01,1.334798447853154102e-01
2.351442184488630716e+01,-2.162590763154789997e+01,2.040362796752170915e+00,1.775784857052807197e+00,-3.368541601048347545e+00,3.304457901574582301e+00,-2.713107859931011667e+00,1.899093265747757164e-01,1.404361403420397447e-01
3.249959374040864191e+01,-2.918958451429487866e+01,1.565145973730853735e+00,1.829404840274652777e+00,-3.584557781595979264e+00,3.143725464253608326e+00,-2.965177633039705274e+00,1.901616734330332514e-01,1.347374191064192317e-01
2.715436132406885505e+01,-2.487189157259954086e+01,1.806285531815372991e+00,1.880709710924744815e+00,-3.320290604842593307e+00,3.324188147845819508e+00,-2.817786734350061106e+00,2.031823795032182689e-01,1.500094482990028399e-01
2.881028980326558653e+01,-2.630734405079072147e+01,1.651562853626439509e+00,1.986653979960067540e+00,-3.027642846821437139e+00,3.209052032229218199e+00,-2.948612351822113453e+00,2.070946870606459878e-01,1.517783925522629696e-01
2.868004405285884673e+01,-2.621533406466638993e+01,2.213050494068988794e+00,2.125694425440990187e+00,-3.531781590253007419e+00,3.382932819647375133e+00,-3.450271730975290829e+00,2.127937036588062325e-01,1.550390506300710625e-01
3.202100131826115614e+01,-2.872540940563130718e+01,1.950818939822021481e+00,1.667660096826392824e+00,-3.252912163342907448e+00,2.894051967370265377e+00,-2.357308042234578682e+00,1.790410156535844344e-01,1.271225139494298884e-01
2.974450611061590521e+01,-2.699260175159935926e+01,2.128826022020499753e+00,1.726498596170339628e+00,-3.329700720787879931e+00,2.918779587317302582e+00,-2.527652397247701632e+00,1.898526243052888474e-01,1.381850253335839829e-01
2.625506070587766061e+01,-2.394149872761445863e+01,1.688219680345532270e+00,1.745298079279056669e+00,-3.407136384083300218e+00,3.285034914675861284e+00,-2.659564725997934254e+00,1.861875315521052676e-01,1.365865582090660391e-01
3.226239920131403949e+01,-2.922607941317058788e+01,2.082170189020709383e+00,1.905588516031871071e+00,-3.579026207529703907e+00,3.225485524629472689e+00,-2.900002050496503170e+00,2.010506744668641987e-01,1.451696817968765318e-01
2.473380450759835725e+01,-2.272379078103131533e+01,1.773655837022565462e+00,1.879296048520487261e+00,-3.598905549461561826e+00,3.283079094830924305e+00,-2.794240390148082565e+00,1.982576336178832055e-01,1.458733946155238437e-01
2.684625991050208427e+01,-2.446011995175155462e+01,2.437995964667205140e+00,1.862652730121583389e+00,-3.476341349748138132e+00,2.450248889852127299e+00,-3.275029383362655810e+00,1.903352281289878711e-01,1.373137226211193496e-01
2.597079594181414919e+01,-2.379227140186562650e+01,1.882327296247350734e+00,1.972101205531049395e+00,-3.575914676542160553e+00,3.234288651200014630e+00,-3.050914979264192972e+00,2.032125697759451510e-01,1.485701148573839725e-01
3.040652516806739314e+01,-2.762140608396092389e+01,1.472909136927838869e+00,2.022797643677257007e+00,-3.661706811913608917e+00,3.338285246857122690e+00,-3.233073621348608651e+00,2.048209077900911834e-01,1.478828286397729508e-01
2.597287211714357724e+01,-2.377325454405475824e+01,2.257364802689058703e+00,1.667022039263516886e+00,-3.377044127646279481e+00,2.757679595323911492e+00,-2.652563878121281249e+00,1.799860493428614427e-01,1.337112525383903627e-01
3.073988839196467637e+01,-2.798056702030073950e+01,2.335362673174171011e+00,1.904263839750178322e+00,-3.621253955454159623e+00,3.055446809842634170e+00,-2.855637908751881060e+00,2.069954631005424539e-01,1.513116629571460148e-01
2.812543233654085739e+01,-2.569242105142922838e+01,1.780831270473241190e+00,1.872689734854273702e+00,-3.510346990939051448e+00,3.301232512901690619e+00,-2.984496925407936541e+00,1.966622553302553589e-01,1.445107902518284748e-01
2.959797699985272601e+01,-2.697908000978898002e+01,2.568839639869760383e+00,2.077006007982869384e+00,-3.685616339457034929e+00,2.932587389906710307e+00,-3.622925052187182970e+00,2.056935033763600540e-01,1.485427655477921105e-01
2.327184828902443314e+01,-2.144984755533544174e+01,2.377551305199294251e+00,1.596560251772249250e+00,-2.372992681962413197e+00,2.403973687955382577e+00,-2.018673426474001165e+00,1.789040346179432139e-01,1.359094364710589919e-01
3.055212575572828015e+01,-2.769895291327524234e+01,2.095951085752830068e+00,1.588277548557704977e+00,-2.269278430542516656e+00,2.575307067951285500e+00,-1.829253716732227586e+00,1.871818379083073636e-01,1.383273434166077398e-01
2.678346680048384698e+01,-2.450440442245061590e+01,1.902050432477590647e+00,1.869737418727476008e+00,-2.905524904686686227e+00,3.052425851077003927e+00,-2.734101088461189377e+00,1.986549269997182898e-01,1.470024135794591735e-01
2.797676380571214949e+01,-2.553758735554231052e+01,2.465411069474539474e+00,1.980887815087413628e+00,-3.350749023764747037e+00,3.074922436019793093e+00,-3.189760372217791851e+00,2.024300960420755691e-01,1.483683514428370820e-01
2.635848933250714765e+01,-2.411917921602782044e+01,2.257469427346024293e+00,2.024916312700755228e+00,-3.458740333306260517e+00,3.200223461785169476e+00,-3.476546614724561390e+00,1.984682120518147519e-01,1.452768569613964444e-01
2.784444474728924490e+01,-2.539487025419645860e+01,1.715986200836333797e+00,1.934976730210749007e+00,-3.452918148550681465e+00,3.284687108807218703e+00,-3.152105284276085051e+00,2.007961010082740527e-01,1.462922305591133898e-01
3.117243224437918059e+01,-2.820101849956588325e+01,1.490910845698868226e+00,1.869771366645144317e+00,-3.426476151215376298e+00,3.313838012979767988e+00,-2.958977703254102920e+00,1.946902369855782189e-01,1.402908514641017512e-01
2.748985728474515255e+01,-2.517144817342489205e+01,1.916586051298057258e+00,2.008298731760155054e+00,-3.402711174771269498e+00,3.012535569130734725e+00,-3.376712055462554485e+00,2.003225763688939731e-01,1.473964086350366964e-01
2.882570976556042908e+01,-2.626211787770440154e+01,1.637674493314784430e+00,1.963356949388273653e+00,-3.453284025719936423e+00,3.289258658715598749e+00,-3.075665767989886668e+00,1.998425936733238539e-01,1.446758377037233034e-01
2.537981208013800938e+01,-2.341665613322407324e+01,1.536855421209463390e+00,1.687404829409931750e+00,-2.791653124940997266e+00,2.972674941543776761e+00,-2.046290778907604135e+00,1.956843627435731758e-01,1.478000242594988134e-01
3.085202478054748809e+01,-2.803075911512370411e+01,1.756075514277708027e+00,1.866673580670654253e+00,-3.382790051480464300e+00,3.339106179321416512e+00,-2.814580955883599245e+00,2.001063765618229517e-01,1.462783915694385595e-01
2.616068171089577277e+01,-2.399211143851202976e+01,1.933584958385435870e+00,1.788589649525854863e+00,-3.358130156909844732e+00,3.138460555657049955e+00,-2.829963785209100635e+00,1.897938354760966007e-01,1.404992804333510537e-01
2.649132593806067604e+01,-2.438630010293993067e+01,2.294850953338700705e+00,1.918872427561569172e+00,-3.205675894164923267e+00,2.643240517454263472e+00,-3.049718851932963215e+00,2.045473728962672322e-01,1.540861633989091262e-01
2.889261171823283547e+01,-2.621576007696449295e+01,2.035562710545128162e+00,1.816212077706230943e+00,-3.158418939458288222e+00,2.614103240523598881e+00,-2.903299232563219867e+00,1.911302488418298029e-01,1.395471327310389142e-01
3.066981596808112798e+01,-2.774508428808651317e+01,2.103793559822601189e+00,1.765093101970029110e+00,-3.273702593975048369e+00,3.099812912508274731e+00,-2.543669775357741081e+00,1.948612180244174708e-01,1.429190009586871479e-01
3.045129982097194343e+01,-2.776040948739912295e+01,1.586483986055086781e+00,1.914593028981238509e+00,-3.551933835698715569e+00,3.040236388840437787e+00,-2.730833710429368733e+00,2.080243230031190160e-01,1.523989883783177235e-01
2.633038645438817227e+01,-2.412221008489350993e+01,2.093696912621434869e+00,1.959239373453507183e+00,-3.653782825150244218e+00,2.721579969921128495e+00,-3.442616942095768628e+00,1.961833408667491840e-01,1.426822787835660133e-01
2.585001442857670284e+01,-2.367455498725811580e+01,2.569091974681112500e+00,1.868728632770658038e+00,-3.447041463442534592e+00,2.469260827200632669e+00,-3.213400259122112690e+00,1.945181800181141341e-01,1.428384666938371517e-01
2.799137017844186204e+01,-2.560496226138383591e+01,1.732104064069572402e+00,1.861677458593509638e+00,-3.603802364511624834e+00,3.104298463747271253e+00,-2.806693003644552320e+00,1.997602355620693715e-01,1.477865985478307720e-01
2.484713700227183253e+01,-2.278829855037670882e+01,1.996202157334059146e+00,1.847620550418447305e+00,-3.739748740981256425e+00,3.301747450147801022e+00,-3.035492176949547982e+00,1.910115577055963298e-01,1.404662298828245892e-01
2.569076659005192553e+01,-2.357337003417623578e+01,2.292539897064845622e+00,1.875476930819806931e+00,-3.547022057620274005e+00,3.371864233293429880e+00,-3.013513822827328159e+00,1.973565048562701263e-01,1.455193278140062829e-01
2.370162180704997468e+01,-2.193600761058414861e+01,1.490623831238064412e+00,1.764506027551856038e+00,-3.227137031828025471e+00,3.211313490415157013e+00,-2.607047124320193365e+00,1.925161003822724037e-01,1.450313772827715453e-01
2.218189729557183654e+01,-2.059360892544728117e+01,1.749787587729654481e+00,1.601217098858956467e+00,-2.724635347810371755e+00,2.971024113553260904e+00,-2.014600596167343216e+00,1.858046669324479871e-01,1.416187725927167129e-01
2.464075795757024068e+01,-2.265020653652652527e+01,1.677898138869358791e+00,1.874793557816067935e+00,-3.301984895090151362e+00,3.388325623107058870e+00,-2.848292544178014474e+00,1.987128795584523488e-01,1.471674644183142977e-01
2.660169374924690544e+01,-2.431221868735451608e+01,1.379948913023950174e+00,1.913416864178312249e+00,-3.353470005725176950e+00,3.378513647727770408e+00,-2.949443605271698576e+00,2.001565157029728259e-01,1.462551932526240661e-01
2.814529290163624964e+01,-2.571569053801760774e+01,1.585191183190730602e+00,1.882263612871787339e+00,-3.390995539705982331e+00,3.289033783699324864e+00,-3.021625945733237728e+00,1.953488471168600693e-01,1.432139018615353476e-01
2.617378954613244346e+01,-2.404338322389727622e+01,1.302708459434784860e+00,1.743740907653642536e+00,-3.090232611453258560e+00,3.128107177609503076e+00,-2.533186121304437322e+00,1.906854889199581793e-01,1.423202258766343709e-01
2.624657106290305464e+01,-2.408031298560440447e+01,2.069490019661372582e+00,1.906718542119190341e+00,-3.189066239248843360e+00,2.855329114962457560e+00,-3.175489086083994383e+00,1.921186396225104953e-01,1.428213998709501886e-01
3.387241248594294518e+01,-3.058642408292281800e+01,2.489575218257483069e+00,1.823513336720490985e+00,-2.798550399596330340e+00,2.485735341370149509e+00,-2.676197440908527625e+00,1.971879394027636900e-01,1.432597763788926726e-01
2.662521383003326747e+01,-2.439596044974151212e+01,1.495620487525530562e+00,1.956922314884428804e+00,-3.512087310345765712e+00,3.347112450174854814e+00,-2.975203954463087719e+00,2.087280777665369569e-01,1.541842692358682265e-01
3.015743570708896470e+01,-2.749998262018765871e+01,2.009039188870245685e+00,1.900571741776250878e+00,-2.875282935770555159e+00,2.758544272178163226e+00,-2.838401621708605660e+00,2.024523386832820515e-01,1.503068199400602878e-01
2.661561733709049449e+01,-2.445681420877532730e+01,1.688036733244527854e+00,1.862423168137158136e+00,-3.472082384478045736e+00,3.271583260781165681e+00,-2.890446390820525124e+00,1.993485091099094497e-01,1.486006116949790679e-01
2.956426987570189624e+01,-2.690875861464345320e+01,1.980405506770633650e+00,1.899225059374629154e+00,-3.798209369875053198e+00,3.241365874002530401e+00,-3.018386617137681860e+00,1.983195170959309028e-01,1.437369786793293303e-01
2.694640824492201858e+01,-2.462712788639325723e+01,2.098966211291896311e+00,1.833855466249720179e+00,-3.527879994095608041e+00,2.972799959995228836e+00,-2.837769313951202133e+00,1.948369118896891017e-01,1.435055042361758348e-01
5.409452885281310586e+01,-4.646984639917086213e+01,2.266532215153286067e+00,1.402952355498074510e+00,-3.293875053524152552e+00,2.779446139314342812e+00,-2.482835499941006496e+00,1.360848107951926345e-01,6.598003557691138610e-02
2.661069022123881922e+01,-2.436633709759954414e+01,1.924147450791395153e+00,1.904692761622920116e+00,-3.650609128084362442e+00,3.247905128943203490e+00,-2.994228795798353104e+00,1.966619830992494822e-01,1.442254972567744986e-01
2.802288329488607843e+01,-2.567325816543348083e+01,2.195186110919400413e+00,1.788785594076010677e+00,-2.929792047521757148e+00,2.204080432349726948e+00,-2.765469475621753048e+00,1.972892866338049334e-01,1.477542115091499131e-01
2.973225142583874003e+01,-2.703854532886130713e+01,1.842570487465160056e+00,1.781574795362564245e+00,-3.405411554603208213e+00,3.260236953642561719e+00,-2.594492725774172559e+00,1.960159756489984195e-01,1.432408131783324268e-01
3.030078848976103956e+01,-2.758441699646136414e+01,2.005090308237196695e+00,1.998935540229170638e+00,-3.697455965814521850e+00,3.308035905602317417e+00,-3.146024245655928642e+00,2.061922030234245029e-01,1.490719542234341388e-01
3.280308306320781497e+01,-2.957257358186863883e+01,1.803806614842394351e+00,1.926847173273724012e+00,-3.544054497378945179e+00,3.383058965667828044e+00,-3.070301770278379028e+00,1.991858599248470252e-01,1.410241544496066424e-01
2.958129653120808911e+01,-2.697014293970917365e+01,1.697731747385977874e+00,2.040176784907960617e+00,-3.655943868226543714e+00,3.270036968805920097e+00,-3.229994616049194800e+00,2.076655485263118606e-01,1.502520069069547271e-01
2.882065414084933508e+01,-2.633338375953408672e+01,1.634724373269350384e+00,2.003827939334412278e+00,-3.488624266779146943e+00,3.113342999229810726e+00,-3.065497544409091724e+00,2.066045344522090821e-01,1.504969693608987358e-01
3.765155742240706616e+01,-3.352891020028539515e+01,1.824971733836624255e+00,1.703991315767423798e+00,-3.119486345348014389e+00,3.211840762970600061e+00,-2.332118411124198598e+00,1.883822665795927831e-01,1.304260851492238249e-01
2.970933933736170829e+01,-2.702970233203238948e+01,1.696979984450956769e+00,1.947306880272352991e+00,-3.565038423579327986e+00,3.345387206500790356e+00,-3.014333496669256540e+00,2.021541250233221398e-01,1.461536255627103875e-01
2.799539557444634852e+01,-2.555261758111842951e+01,2.530346072940908630e+00,1.829359621895784160e+00,-3.312703392155065263e+00,2.869656704745284781e+00,-3.100828301813734811e+00,1.855272204917238488e-01,1.361466035252082984e-01
2.258157892424409852e+01,-2.079846922210901639e+01,1.563646985546577328e+00,1.768703693453217651e+00,-3.359203161332775522e+00,3.271340198477121319e+00,-2.814449880394381598e+00,1.835934157906344288e-01,1.355392084148411835e-01
2.331400090532543246e+01,-2.152103525536796980e+01,2.174361406282071751e+00,1.753205498798705797e+00,-1.922715601025075882e+00,2.408897944426373616e+00,-2.150777680336394937e+00,1.864609269850644180e-01,1.412100201101647301e-01
2.869319030780319224e+01,-2.614196054020812809e+01,1.693082304034817742e+00,1.942377104726816128e+00,-3.382093351912937251e+00,3.335241694188828543e+00,-3.042849810647173303e+00,2.034382881983529956e-01,1.474517795742782134e-01
2.946109845602619259e+01,-2.677607361570579414e+01,2.339281419748722168e+00,1.772091492759695797e+00,-3.180506006943924824e+00,3.161702615290855611e+00,-2.564896305028156132e+00,1.951851364492959429e-01,1.437481573239764443e-01
3.209642200923183708e+01,-2.903918583224946559e+01,1.598728347890601809e+00,1.981465488840149503e+00,-3.732409061389507343e+00,3.444636811976863555e+00,-3.213779774794604638e+00,2.024136104614567833e-01,1.450300921790999009e-01
2.727425419505954807e+01,-2.501803846430665601e+01,1.713637077653544116e+00,1.925385771312108973e+00,-3.257048542449433093e+00,3.308388551182038118e+00,-2.854800954857873663e+00,2.084188008705333550e-01,1.544891592435968519e-01
2.571926170642935361e+01,-2.361662577164816312e+01,1.760901678330927478e+00,1.726519221794194703e+00,-2.707271693342218732e+00,3.006061377561844772e+00,-2.208761279442218672e+00,1.954016585331863620e-01,1.463499182498070872e-01
2.809088555568659373e+01,-2.571052860572239851e+01,1.736123893745273428e+00,1.797857615720082736e+00,-2.763102883216148165e+00,3.060421668978313470e+00,-2.292643516765448641e+00,2.044407556009890659e-01,1.522497484643647869e-01
2.928808580070862888e+01,-2.666035825784002000e+01,2.240603917077428342e+00,1.998992598807628029e+00,-3.541442910117450271e+00,3.338356830652154716e+00,-3.287319371752739361e+00,2.046763237826045301e-01,1.486909059145982703e-01
2.716829042878305600e+01,-2.486691418056411962e+01,1.786552215265574617e+00,1.965853958819357983e+00,-3.407226712368745414e+00,3.328972246326273865e+00,-3.126016911808109811e+00,2.044921008182625233e-01,1.499043150823283765e-01
2.818115038918919169e+01,-2.574117816610449694e+01,1.851601945837390240e+00,1.911626192600613727e+00,-3.347242543305339435e+00,3.281394096101914126e+00,-2.844037700227858068e+00,2.048269205834915840e-01,1.501385043441023637e-01
2.778052256496518169e+01,-2.535534850709054666e+01,1.772173981164543166e+00,1.980581259886848633e+00,-3.433597760802888921e+00,3.217925321453395160e+00,-3.166290497120529235e+00,2.033536835218172911e-01,1.483832688400293365e-01
2.801537777798409934e+01,-2.569190284051145312e+01,1.797945930363840539e+00,1.774403055334970558e+00,-2.937702621240793732e+00,3.130504240324367693e+00,-2.265442326685401575e+00,2.058773829616835360e-01,1.537447471639722951e-01
3.414591127763285527e+01,-3.073315031219046389e+01,1.753987196805340876e+00,1.731870192574812783e+00,-3.223478480420178816e+00,3.272377252118844559e+00,-2.477309376613789471e+00,1.870057036533309958e-01,1.353216193865501848e-01
2.692266784932868262e+01,-2.457183257039736901e+01,1.822299007833384055e+00,1.801781566570332505e+00,-3.417628630074571738e+00,3.225698097134329423e+00,-2.927091158539816718e+00,1.884234143376534165e-01,1.383233160327398403e-01
2.616547766955756416e+01,-2.396089275579708300e+01,1.902905690756482748e+00,1.888944694933393009e+00,-3.410409793632520170e+00,3.407791920053504953e+00,-2.966489666228905975e+00,2.004129947850243065e-01,1.475483492910941441e-01
3.045032248077916393e+01,-2.718856759182945737e+01,1.732588333684259352e+00,1.485630527100549658e+00,-2.563379329362828418e+00,2.928639595586565836e+00,-1.959795053985485369e+00,1.635191778256243345e-01,1.165594491387693388e-01
2.596487785107320079e+01,-2.385903529942688550e+01,1.822894017172973946e+00,1.879419378497381166e+00,-3.391999977782323317e+00,3.347035078232088789e+00,-2.803542662205594560e+00,2.047636081240581662e-01,1.525876684015149698e-01
2.687462891101735352e+01,-2.456688237864807434e+01,1.581037622378154373e+00,2.016566260816084366e+00,-3.714856353195303384e+00,3.509893710877263651e+00,-3.358607787821723534e+00,2.006655465225465340e-01,1.453088827154055129e-01
2.679565324980169905e+01,-2.452046620677168320e+01,2.067259874022498778e+00,1.975404330092649596e+00,-3.389561754294727614e+00,3.058287166965112824e+00,-3.324379391306667930e+00,1.966228784715660094e-01,1.444706819590936275e-01
2.912853349889841326e+01,-2.633671970745980673e+01,1.764678166545430082e+00,1.851644075630727970e+00,-3.579864946972901585e+00,3.377375209800695277e+00,-3.050102660551218037e+00,1.870646343949018409e-01,1.331375833914770768e-01
2.455343723875888529e+01,-2.263326864412666950e+01,1.802696201086294359e+00,1.795579474508816054e+00,-3.294237889951035836e+00,3.349462863034566862e+00,-2.616809761135405754e+00,1.964828518352336462e-01,1.471851199558222578e-01
3.569213317608191005e+01,-3.160346844410274159e+01,2.036314329840402948e+00,1.501624954040882143e+00,-2.814154200189878274e+00,2.973630996953936734e+00,-2.017974796513978930e+00,1.645680121531297724e-01,1.150751125696003047e-01
2.037740474866189189e+01,-1.890014505634416153e+01,2.105749163046732431e+00,1.824994958067589268e+00,-3.071780743183663009e+00,3.030496265161044089e+00,-3.051903984795814928e+00,1.808276511950298315e-01,1.359715332957703859e-01
2.990476710321228637e+01,-2.700250623827784224e+01,1.367478219753163415e+00,1.769030027482347167e+00,-3.423798366574347440e+00,3.319698446599319119e+00,-2.807883272232865046e+00,1.822204483564082711e-01,1.311950691330425467e-01
2.239804168923212302e+01,-2.066035533369000987e+01,2.201462340283576680e+00,1.952831928367181780e+00,-3.674560416586748257e+00,3.344349748877491368e+00,-3.632323055480878526e+00,1.792915098649928429e-01,1.322150222187306323e-01
2.717801860230559541e+01,-2.506178511064091197e+01,1.713906894750989451e+00,1.773128805501793304e+00,-2.957860588245142974e+00,3.068553808755723367e+00,-2.327824710281347187e+00,2.045328250678933590e-01,1.552655165615423050e-01
2.793640378594706775e+01,-2.541524505942309275e+01,1.665974668061663166e+00,1.954343171691116821e+00,-3.532383644062869976e+00,3.365291999718454719e+00,-3.050053847172367050e+00,1.992535505017639375e-01,1.435724291032050015e-01
2.712036180208847114e+01,-2.492365324163368712e+01,1.549850428706959216e+00,1.711789590654142712e+00,-2.666978240520595289e+00,2.910573082024061176e+00,-1.951652917061046377e+00,2.046621790196817559e-01,1.553370292777011274e-01
2.319594586927180657e+01,-2.132016737751583335e+01,2.162507413436491444e+00,1.718791272499496259e+00,-3.348145876847645752e+00,3.325461155756529230e+00,-2.676632463127457395e+00,1.823273715856369159e-01,1.347704701634972191e-01
3.078121350416298085e+01,-2.791362278203200376e+01,2.294176878322745416e+00,1.802699124600648739e+00,-3.412301379183432903e+00,2.688428320907657820e+00,-2.696630124639109116e+00,1.999359215532299783e-01,1.446033419019801258e-01
2.370360363354886957e+01,-2.172371102603715798e+01,2.405517646264422993e+00,1.748918305471388601e+00,-3.539859729092726948e+00,3.265090791556646277e+00,-2.824524995750962386e+00,1.806958077589909395e-01,1.331422969482358720e-01
2.683654703096999938e+01,-2.445679116194183678e+01,1.516244104396630821e+00,1.790588126029390548e+00,-3.588514670930069705e+00,3.007409704209764278e+00,-2.881567653414960795e+00,1.879589323866291684e-01,1.370686352699784505e-01
2.984034263998096392e+01,-2.708606804511095589e+01,2.023784798038047672e+00,1.910457705770457482e+00,-3.663025965524250971e+00,3.244758867672867364e+00,-2.885714029588624996e+00,2.024506042233766845e-01,1.465990574656457768e-01
2.768933706870904032e+01,-2.527051290063999289e+01,2.087416964525467211e+00,1.730863820558504296e+00,-2.524815250104427200e+00,2.478786084566076298e+00,-2.325548554399648360e+00,1.889435241117856101e-01,1.416770571556140446e-01
2.833852401264904231e+01,-2.597286087472190985e+01,1.807138278707572709e+00,1.721051979728003278e+00,-2.702405159600787421e+00,3.001320100646579725e+00,-2.113782087076520710e+00,2.003239071660413428e-01,1.503481547480961800e-01
2.856653561358416837e+01,-2.599070429111378999e+01,1.624286355903638235e+00,2.028928370511333235e+00,-3.658258422497418838e+00,3.441461233483114501e+00,-3.320690037128264382e+00,2.027763588349676405e-01,1.462200375680517139e-01
2.424276289558357078e+01,-2.232580537738784443e+01,2.460145874986238823e+00,1.852564615820232019e+00,-3.295711241840824979e+00,2.436538336784717096e+00,-3.174969043326079543e+00,1.923114623259934153e-01,1.431216063859047094e-01
2.776513407556890556e+01,-2.552315487331740229e+01,2.603979001086285550e+00,2.118998139415204651e+00,-3.661189594495879884e+00,2.994903982920240626e+00,-3.604998320476188400e+00,2.142233843266605209e-01,1.588858740623739496e-01
2.917825930085869146e+01,-2.659370260440835665e+01,2.114446755012842960e+00,2.018266739765276707e+00,-3.722430533100038463e+00,3.478536448441155837e+00,-3.129100608338145406e+00,2.123910294913389230e-01,1.546736166233842746e-01
2.626213506156754107e+01,-2.415920133768401001e+01,1.907239269470242471e+00,1.976169152466135781e+00,-3.594716221713622151e+00,3.202694765919412045e+00,-2.944942157815716666e+00,2.080043021548342308e-01,1.543359971525916086e-01
2.384588319049679939e+01,-2.199290934478279169e+01,1.672465550577584281e+00,1.898617519554379740e+00,-3.460414659031037843e+00,3.398048040729216179e+00,-2.911499475188809694e+00,2.003984625061967506e-01,1.487402034483815694e-01
2.558622576207973864e+01,-2.355532039961349611e+01,2.342787875172398948e+00,1.893785356236309392e+00,-3.507927128749951162e+00,3.150125427748009965e+00,-2.918863055727513700e+00,2.025110477188055702e-01,1.513496596514459502e-01
2.615302332044996803e+01,-2.397529788597853084e+01,2.357930753346197950e+00,2.074278865015270146e+00,-3.699827285630503670e+00,3.257139499643838754e+00,-3.528566264262489316e+00,2.076699516072893492e-01,1.524179910430715212e-01
2.715210659887261002e+01,-2.481976692135121709e+01,2.886581881193037269e+00,1.936996385385157282e+00,-3.517643947020713480e+00,2.520371820923108519e+00,-3.308290262756257594e+00,2.010030206933335895e-01,1.469955179156349490e-01
2.620653228807699975e+01,-2.405488652157684015e+01,2.073092290483362188e+00,1.764621491932436115e+00,-3.167488110359590436e+00,3.048172297206038994e+00,-2.472928036000587415e+00,1.987971474349824463e-01,1.491727673447461600e-01
2.661939955367206423e+01,-2.439658136568233360e+01,2.014672224939794809e+00,1.905943014043680606e+00,-3.540782295146603698e+00,3.296169153424767906e+00,-2.926637106706231783e+00,2.031081118089892446e-01,1.497051782081743887e-01
2.737558417737362504e+01,-2.505776977755662571e+01,1.666313554347720771e+00,2.033433497176849070e+00,-3.761022134597362232e+00,3.332215983876657184e+00,-3.284793694660722352e+00,2.108561897304369603e-01,1.544839225112573378e-01
3.063233611309701132e+01,-2.779119909934916777e+01,2.173014124794936386e+00,1.925537019043920273e+00,-3.279821558952270788e+00,2.469020967685157331e+00,-3.143682394820366266e+00,2.050831306849190960e-01,1.489307501896744435e-01
2.982976331617538435e+01,-2.719540423453619837e+01,9.635483707161429656e-01,1.765115966384386059e+00,-3.182911578898086624e+00,2.992641445138928269e+00,-2.410126371592554939e+00,1.991762123822653774e-01,1.473268056130438430e-01
2.699247199184936719e+01,-2.470484728007635411e+01,1.760086311320372632e+00,1.808055073921273292e+00,-3.549183777949430407e+00,2.992138592708958100e+00,-2.793871501296605775e+00,1.943492438541229439e-01,1.430666879758871191e-01
3.530792013660422413e+01,-3.173052604490003858e+01,2.115322949088066284e+00,1.820696956307454650e+00,-3.462888266444811958e+00,3.073240482170822574e+00,-2.643805866652390257e+00,1.995958488129747355e-01,1.431586743903219550e-01
3.087524145623022775e+01,-2.809847516108860788e+01,1.964029325194755815e+00,1.927920979351922526e+00,-3.643591087711120835e+00,3.118363244721349403e+00,-2.893427279221202575e+00,2.080245338181161141e-01,1.521143230792307843e-01
3.268077181585976376e+01,-2.954056135670116490e+01,2.359205183268691997e+00,1.802518707190384539e+00,-3.495309640519079331e+00,3.151888270205883025e+00,-2.676511347054699730e+00,1.973202077761047890e-01,1.428819726646664845e-01
2.223301471017049735e+01,-2.053518949796731263e+01,2.145022392547745405e+00,1.808330714270994344e+00,-3.658631654222208596e+00,2.920730918495427542e+00,-3.131585938510259570e+00,1.821370151544593474e-01,1.346341892895545067e-01
3.470057365362762880e+01,-3.123278850011629970e+01,1.241872476994674734e+00,1.912473374185368113e+00,-3.540223737200440812e+00,3.078400683610806876e+00,-2.912170923468697659e+00,2.020922563745963796e-01,1.442024379131943979e-01
3.295385876473058318e+01,-2.988212623653510391e+01,1.787891380097828442e+00,1.876946278991883377e+00,-3.452511065285631897e+00,3.001869997262148537e+00,-2.708711422332327867e+00,2.056767950423961933e-01,1.502190372751027181e-01
2.750076017326398059e+01,-2.505479908600097616e+01,2.098276231370823197e+00,1.733537633510702003e+00,-3.427143203203436794e+00,3.015619524984410660e+00,-2.632303532632230603e+00,1.881398319347215575e-01,1.380569645537278733e-01
3.136546337969035747e+01,-2.829192284658392964e+01,2.106334892355635091e+00,1.792417974942080772e+00,-3.654538215319324213e+00,3.061239512732564894e+00,-2.943716697035566376e+00,1.848871715654017422e-01,1.324209137859276297e-01
2.641745570931219689e+01,-2.420198603101775703e+01,3.461145533537632435e+00,1.914883864949994186e+00,-3.625618113112446750e+00,2.622531718578108517e+00,-3.391032418741040999e+00,1.950137494368734958e-01,1.424480978285489752e-01
2.971933368317470325e+01,-2.701256994878078643e+01,2.232269136300292889e+00,1.909994669871251771e+00,-3.787699087948014132e+00,3.052546534693164837e+00,-3.171842678823404427e+00,1.983534826907880355e-01,1.437671525618847146e-01
3.341982934977750119e+01,-3.007243689348361215e+01,2.109405010506430145e+00,1.892956371311870223e+00,-3.765583145624738837e+00,3.193369526797234847e+00,-3.066486955844979434e+00,1.950137085796117553e-01,1.384415033332006828e-01
2.398827748016281092e+01,-2.195585366716666798e+01,2.359247514202202023e+00,1.724573292064410790e+00,-3.292709479056412647e+00,2.340875978638859767e+00,-3.080492540010401292e+00,1.756222587733660967e-01,1.283599664301318388e-01
3.043584315259068518e+01,-2.771829511390452438e+01,1.822316937438097417e+00,2.000081163065150491e+00,-3.447756718144110000e+00,3.209182664295692433e+00,-3.229289594216215864e+00,2.052209664838441638e-01,1.490403962103965252e-01
2.826566262644206873e+01,-2.581025382754571496e+01,1.735465381887205005e+00,1.931378013706611219e+00,-3.156198025132250340e+00,3.221557477523965485e+00,-2.896184600973148449e+00,2.054621045817463520e-01,1.503347545968068411e-01
2.951136514045375137e+01,-2.679816395913626081e+01,1.602416015613906675e+00,1.783430784953538684e+00,-3.515833842666181486e+00,3.200292039990627835e+00,-2.722073215623257880e+00,1.919935915127733428e-01,1.399812295832258413e-01
2.908116471117346791e+01,-2.655168410776501275e+01,1.469976870040990535e+00,1.972151427234549059e+00,-3.594804390391480808e+00,3.278059706992787259e+00,-2.914013243850265056e+00,2.089637123645364802e-01,1.525040346547637260e-01
3.026620269988714185e+01,-2.759345851338520106e+01,1.545024215191536543e+00,2.038756931330281574e+00,-3.614979997713597459e+00,3.322334685103681462e+00,-3.093000987109300937e+00,2.077001048401529160e-01,1.505980766008320204e-01
3.106091690047650644e+01,-2.822738136618002613e+01,1.435747429849057122e+00,1.997536543876593074e+00,-3.638385356335860799e+00,3.423019782826229651e+00,-3.186413010936419266e+00,2.058067702400664112e-01,1.486785061822272491e-01
3.019509340201774705e+01,-2.745127586701761757e+01,1.535609233656128225e+00,2.006334448570104900e+00,-3.515684321663253620e+00,3.160882783553325304e+00,-3.224235206014989252e+00,2.008923076660663609e-01,1.446238558718461464e-01
3.148052329581735620e+01,-2.858632955050177316e+01,1.602277357966393145e+00,1.944426769359958840e+00,-3.469407842654016250e+00,3.448909073403804371e+00,-2.953570884069885771e+00,2.073851811318092320e-01,1.507060944328408592e-01
2.946463196891927083e+01,-2.680006644188703291e+01,1.675177010879159933e+00,1.915385405405632735e+00,-3.467727072139875855e+00,3.391129796031363330e+00,-2.980190950382704429e+00,2.029163730875069849e-01,1.475506728240589260e-01
2.737392080641291514e+01,-2.501963327640944357e+01,2.061436155843116236e+00,1.920448806324147162e+00,-3.117273970455701981e+00,2.972129198847902387e+00,-3.106795257364763252e+00,1.965686106918302645e-01,1.450511527249547794e-01
2.347781937529416041e+01,-2.168018540366706404e+01,2.320143294630412800e+00,1.768210017820895708e+00,-2.996669138233843732e+00,2.705893629797163413e+00,-2.624132460297656788e+00,1.881788183829909422e-01,1.415633603638161153e-01
3.040883746676631461e+01,-2.756233117927367360e+01,2.479433776204107875e+00,1.763852074334222975e+00,-3.091014054057641847e+00,2.438196733577989939e+00,-2.683614888698980572e+00,1.928822893189320320e-01,1.398581260975035045e-01
2.540058682014158720e+01,-2.331786988658206994e+01,1.680497054364606280e+00,1.802625197271828572e+00,-3.301549985167349099e+00,3.126888392405046790e+00,-2.556619388679637783e+00,1.981159955807012818e-01,1.470716496933826556e-01
2.458833559187031881e+01,-2.257620556002452261e+01,2.548330835772681713e+00,1.815600995270797435e+00,-3.158852102370611981e+00,2.727487023680469580e+00,-2.826097090427657221e+00,1.905551845360242691e-01,1.415118169664913161e-01
2.521487100038295992e+01,-2.316121954900205537e+01,2.116330775758005878e+00,1.860042079742230348e+00,-2.946919129920074099e+00,2.832001598800169884e+00,-2.805103284932198182e+00,1.956672991073662715e-01,1.462722299427030859e-01
3.031143798982012072e+01,-2.750186894596989617e+01,2.009185557883110818e+00,1.835616905430728973e+00,-3.273668045659713588e+00,3.316598571141469609e+00,-2.704629297329875559e+00,2.005439225316970053e-01,1.463315952104688178e-01
2.855900810437513115e+01,-2.600236912373922138e+01,1.740214756095863846e+00,1.864250144085981775e+00,-3.369324709787558270e+00,3.386353556104098050e+00,-2.832287886971574853e+00,2.009311498748138913e-01,1.473607346372649285e-01
2.643879102801975733e+01,-2.427389918485503628e+01,1.787665552813545444e+00,1.946419237593905560e+00,-3.542309111858163106e+00,3.229334121792780010e+00,-3.042984168350398644e+00,2.047410892191734444e-01,1.516262985225627358e-01
2.990865773076529521e+01,-2.720781120187630364e+01,1.674486608458068071e+00,1.945985341462224572e+00,-3.624016238946906387e+00,3.386697614080310892e+00,-2.940053806994603391e+00,2.073696081617724951e-01,1.516486468407326205e-01
2.767881323042113806e+01,-2.529502397304437622e+01,2.079142117276889579e+00,2.006461499381207325e+00,-3.775356333400907705e+00,3.341555510386126304e+00,-3.342264172532462663e+00,2.050921260632691256e-01,1.496368773711138911e-01
2.441373256718762974e+01,-2.252565018388591156e+01,1.861656069713639505e+00,1.702108071422649083e+00,-3.023966871324381689e+00,2.810531583725601745e+00,-2.207460518313933306e+00,1.948857473861581591e-01,1.474629276178051618e-01
2.556928404746070171e+01,-2.360055710413941554e+01,2.075039505505736681e+00,1.845763844203379467e+00,-3.310225375808730774e+00,3.266711269350428992e+00,-2.739381091688120939e+00,2.011067295494481377e-01,1.515115866593884086e-01
3.090850371234688154e+01,-2.793731574249017768e+01,1.803143122544770494e+00,1.840482718265014306e+00,-3.506514949799542258e+00,3.181271289569290950e+00,-2.987617765911880330e+00,1.914913424606765335e-01,1.381698707392683967e-01
2.649999334364088099e+01,-2.441704933355244833e+01,2.086474798359895910e+00,1.784772409682434224e+00,-3.321543851377243506e+00,3.028600231997000680e+00,-2.570810480681135601e+00,1.989072266045094906e-01,1.506033679733841946e-01
2.932540360194000684e+01,-2.668748355821669449e+01,1.912179030747846342e+00,1.952903315209865376e+00,-3.603211091553396361e+00,3.257498179752871259e+00,-3.124455727707701858e+00,2.038001935819862553e-01,1.480124441954498715e-01
2.991122379425944544e+01,-2.717690099229642087e+01,1.879616504329518545e+00,1.977222647554471635e+00,-3.586509253118300933e+00,3.271626334709618611e+00,-3.168645231433314002e+00,2.036394674404841121e-01,1.472832056230656550e-01
2.974861782031234014e+01,-2.696908173488933613e+01,1.660812343120028123e+00,1.827545665350216675e+00,-3.470344222072842211e+00,3.170896863531142529e+00,-2.839771536682400122e+00,1.948039897578568158e-01,1.413374740380534123e-01
2.823569373515373471e+01,-2.578974413133312282e+01,2.054926442314921164e+00,1.978547803606027555e+00,-3.657736351339387681e+00,3.194370954468200186e+00,-2.995582666155798712e+00,2.103729662324176908e-01,1.538158350169498978e-01
2.907374248469526634e+01,-2.661542548097457939e+01,2.187477773833769845e+00,1.959277768948295639e+00,-3.482046839408648786e+00,3.384932993456053030e+00,-2.949562027475135295e+00,2.135834507273294824e-01,1.583998022278582662e-01
3.523121225022540415e+01,-3.163910400879330354e+01,2.106540359682600894e+00,1.707239029619542103e+00,-3.104289814068392328e+00,2.667737954624329166e+00,-2.478570595161321943e+00,1.883958726120077420e-01,1.354309052526407320e-01
2.622858356206958774e+01,-2.410304236650548759e+01,1.801091124992865833e+00,1.860694847749605252e+00,-3.473231405337359412e+00,3.089598533099058297e+00,-2.575378548139682700e+00,2.026511283317509737e-01,1.503577120307160730e-01
2.515933838747599438e+01,-2.307314405049468320e+01,2.168179443579638210e+00,1.883258075500529705e+00,-3.690513870626432880e+00,3.140411956887702249e+00,-3.018889440600327934e+00,1.961607704278375552e-01,1.440603592113858800e-01
2.841363029918506911e+01,-2.586378111238446920e+01,2.009691573699130540e+00,1.880123473531408518e+00,-3.612450681488500237e+00,3.239813136023367068e+00,-2.976857018560637780e+00,1.974960567805381650e-01,1.435299085387638784e-01
2.546373822213280746e+01,-2.324137490846267440e+01,2.276838086544612505e+00,1.726881247442487943e+00,-3.469333848394167585e+00,2.639492767039096854e+00,-2.798777902999692202e+00,1.831020553747283730e-01,1.334919834749338785e-01
2.814961372338824575e+01,-2.554007532876872233e+01,2.121214135521148680e+00,1.672261495246928797e+00,-3.313588150402639876e+00,2.699789263777222725e+00,-2.550665067740842673e+00,1.849025155943067045e-01,1.337171573967859961e-01
2.707664984676862119e+01,-2.478000236368928810e+01,1.726552211022935657e+00,2.038456731358971208e+00,-3.768516043945047578e+00,3.290382895883916081e+00,-3.251188872367579918e+00,2.083246809647023301e-01,1.516898997437981789e-01
3.380693673341664152e+01,-3.035178790339492139e+01,2.614335474466578102e+00,1.824548943413086821e+00,-3.279501013764232642e+00,2.556340052121095940e+00,-3.040593601000261437e+00,1.896558687680391653e-01,1.338838764634847356e-01
2.830545378565044246e+01,-2.579611194275266328e+01,2.234171946368809003e+00,1.950306776345031690e+00,-3.762679124590161628e+00,3.000076707585602076e+00,-3.186022787076601137e+00,2.024194676507587443e-01,1.464418821230386025e-01
2.738589561850726284e+01,-2.508491118072665671e+01,1.566187144158865507e+00,1.794615353075792008e+00,-3.202383282878968895e+00,3.194389888987506865e+00,-2.392468854948454737e+00,2.049760069944196461e-01,1.525320049587231275e-01
3.038147115065428494e+01,-2.753105982612602887e+01,1.866446250668940321e+00,1.758519896991445286e+00,-3.261867668041636747e+00,3.139431218311984129e+00,-2.431330982212524194e+00,1.977962814316387152e-01,1.455384353404177156e-01
2.776930938157648043e+01,-2.527976761007689888e+01,1.887049858250305689e+00,1.807897544603846329e+00,-3.442434800159714481e+00,3.325280131530550687e+00,-2.636903005360986540e+00,1.960545929022545208e-01,1.432043428571053989e-01
2.443894978212823332e+01,-2.271570752587462749e+01,2.233412253121109803e+00,1.707660164553232551e+00,-3.236105288078789499e+00,2.540822721446868382e+00,-2.520998169736885952e+00,1.930344402747875832e-01,1.467833586481032404e-01
2.180030620755881898e+01,-2.011330902906889406e+01,2.317781496276227760e+00,1.734786989202161012e+00,-3.452158817150179804e+00,2.744555078528947867e+00,-2.922466807782447606e+00,1.808345193043940091e-01,1.341808098251181525e-01
2.705632475947974314e+01,-2.482955130759398088e+01,2.041291821242994686e+00,1.824800267836459211e+00,-3.291174496874462729e+00,3.254992224703057158e+00,-2.536448481194195193e+00,2.050992912305075466e-01,1.524127876869523501e-01
2.481948235671333691e+01,-2.280929096133650447e+01,2.277083849888406064e+00,1.884445453070038967e+00,-3.616247726124935724e+00,3.141063146566582365e+00,-2.998646237912783619e+00,1.968592726851038643e-01,1.455971760041490370e-01
2.899844049680584490e+01,-2.636522511747214281e+01,2.413375237719751709e+00,1.881021381002748960e+00,-3.654487524976921087e+00,2.923711119113069135e+00,-3.026805162942526106e+00,2.010348100374265978e-01,1.457326490960250687e-01
3.039410214899708862e+01,-2.729528955220175845e+01,2.134273533536842127e+00,1.489187608275939212e+00,-3.064928846973901777e+00,2.675232669246357720e+00,-2.216287268551581757e+00,1.608748573549065863e-01,1.146597233652785625e-01
2.060109903900167794e+01,-1.901941328768548800e+01,1.916734731885666898e+00,1.788023320017746665e+00,-3.419901992713407779e+00,2.921248067205453491e+00,-3.185372264656027852e+00,1.718212948125813211e-01,1.265703976890995841e-01
4.619651799528012504e+01,-4.034149515729522761e+01,2.416784426893902271e+00,1.728557715668101347e+00,-3.736704163993822991e+00,3.023764398221650218e+00,-3.180901372627939594e+00,1.667084146638188602e-01,9.957272943086535599e-02
2.649683758037816261e+01,-2.429309649836487850e+01,1.685372965915825416e+00,2.031582647851009060e+00,-3.436714127469594260e+00,3.275073783876981892e+00,-3.149487059079646656e+00,2.090112923696842151e-01,1.533163754031615089e-01
3.120519804919030449e+01,-2.840204743240443008e+01,1.482783631023090187e+00,1.928215397112857277e+00,-3.537285015766079788e+00,3.270202108648866179e+00,-2.749146817467626125e+00,2.102943529458735639e-01,1.540347359877214384e-01
3.007736706418482697e+01,-2.740018716271213961e+01,1.656085277982474180e+00,1.976423305211229442e+00,-3.651941833565821582e+00,3.519967906170186733e+00,-3.156363682666146531e+00,2.070050132841914081e-01,1.500302551857979894e-01
3.118914922375843801e+01,-2.824980436691848240e+01,1.717869573466720867e+00,1.835973988352457287e+00,-3.258677031235513333e+00,3.255078417391828793e+00,-2.774505387985605864e+00,1.978242517539045287e-01,1.442103482178099805e-01
2.563721673729341077e+01,-2.368858874759108701e+01,1.942122530481192211e+00,1.900069391995745427e+00,-2.980260727709320268e+00,2.620734767347713490e+00,-2.899549753514737205e+00,2.044520957742724798e-01,1.559069858870527348e-01
2.269155983301560298e+01,-2.101674725858494952e+01,1.854121469794204558e+00,1.804092003729815374e+00,-3.145602748584369834e+00,3.219549080551233011e+00,-2.759917615781931399e+00,1.923044513914302367e-01,1.449032945480125678e-01
2.718979629971931189e+01,-2.479317437220762699e+01,1.508837581660087634e+00,1.967055065255575164e+00,-3.388038227268415969e+00,3.118478325251476058e+00,-3.348815016371938125e+00,1.923073324481245627e-01,1.399994562816426480e-01
3.353239736054459286e+01,-3.037818586860013781e+01,1.523695244728355602e+00,1.889995038016486273e+00,-3.457587746956802821e+00,3.392519573803342681e+00,-2.872549200661803415e+00,2.003547825414793149e-01,1.461152961025808106e-01
3.168176184029868381e+01,-2.870848376296299875e+01,2.161552336726144219e+00,1.841794462260254450e+00,-3.446590600455111453e+00,3.212986324652697512e+00,-2.537762616203873556e+00,2.031683861475532815e-01,1.476760953680623656e-01
2.812132187893346469e+01,-2.573566280580798704e+01,2.609813623637096125e+00,1.938380677764838467e+00,-3.633657659523945149e+00,3.137959555170275028e+00,-3.052858306740832806e+00,2.086702298211906559e-01,1.547590900010960280e-01
2.311911858005505138e+01,-2.127800972435288074e+01,2.682372239042124296e+00,1.710722037246891869e+00,-3.439150599843477707e+00,3.087698104549168043e+00,-2.717472715156330043e+00,1.811894918610369443e-01,1.337425006462907850e-01
2.479341051870569501e+01,-2.275774697002233538e+01,2.371153160696958029e+00,1.704198474169519972e+00,-3.371722523198839472e+00,3.129639836961676913e+00,-2.515107719380148765e+00,1.870815374805508691e-01,1.391166291936754840e-01
3.297184638312766225e+01,-2.962240266123477994e+01,2.548864561111775284e+00,1.651305605390291475e+00,-3.186837576003180406e+00,3.020173257692370772e+00,-2.325356793955186685e+00,1.836245921554497951e-01,1.314170323020714126e-01
2.470409868595400127e+01,-2.276394609162140981e+01,1.993772796527250035e+00,1.873859676827148490e+00,-3.675812098153795393e+00,3.343686120936537609e+00,-3.059721902978630670e+00,1.945157958259533248e-01,1.446991629676966373e-01
2.982419764726703804e+01,-2.707786855889780853e+01,2.163973609881611360e+00,1.847187926010159797e+00,-3.471699189565471411e+00,2.998631794660971295e+00,-2.980219409444429424e+00,1.955742006598659433e-01,1.417347886851080818e-01
3.026119250283274553e+01,-2.755835479160352008e+01,1.506700632727238975e+00,1.810926461082820182e+00,-3.213319866900432586e+00,3.064098077704664469e+00,-2.635878476394583725e+00,1.995784327625004517e-01,1.479104943920832582e-01
3.482753825417199778e+01,-3.137872032274215783e+01,1.510822501683507735e+00,1.787492693678838895e+00,-3.285933599099439828e+00,3.028248392574787839e+00,-2.556097732988605653e+00,1.989589187118891989e-01,1.437828541284347228e-01
3.074652436549650503e+01,-2.786682875560377326e+01,2.393254563241763222e+00,1.882715498475933336e+00,-3.710486161257558813e+00,2.994434621934302765e+00,-3.154387900356791175e+00,1.958896957170508102e-01,1.411300053849036951e-01
2.800905063290214159e+01,-2.563148201255070191e+01,2.408286678460028085e+00,1.878966866443402939e+00,-3.257362222277850883e+00,2.350442806002734031e+00,-3.132158360528385810e+00,1.998718295223477770e-01,1.477240327780109663e-01
2.889082943315774088e+01,-2.633930606803218666e+01,1.499654916654677095e+00,1.975438650346986069e+00,-3.572723754962071840e+00,3.338884838164442037e+00,-3.122613483646559995e+00,2.035719197527368352e-01,1.477141123857107496e-01
3.332644624056780458e+01,-2.993638282621240521e+01,1.755732964971097765e+00,1.734977367114929780e+00,-3.334420038674416720e+00,3.249028946424993514e+00,-2.657522909109214293e+00,1.847582222786724182e-01,1.313794958259774104e-01
2.600020145708912978e+01,-2.382656998085758104e+01,2.032752961543594417e+00,1.915122291418224432e+00,-3.493605380190002219e+00,3.363494389577191601e+00,-3.167382116159834560e+00,1.972464813076838519e-01,1.452869861717688560e-01
2.689369732874347463e+01,-2.467476216944839962e+01,1.943978057967008066e+00,2.036950925678010282e+00,-3.615101344804334094e+00,3.434364120944272347e+00,-3.336268023090199986e+00,2.080077475829679168e-01,1.536074629791974178e-01
3.380221422767501593e+01,-3.037678113871893970e+01,2.017987398731576842e+00,1.809816832229742545e+00,-3.591694216970949594e+00,2.736657242182765071e+00,-2.924012531239848833e+00,1.925019511538927086e-01,1.363397926769650270e-01
2.518365344519772009e+01,-2.299193589468307408e+01,1.891527087458055645e+00,1.683723493657287129e+00,-3.314226621048786292e+00,2.515311701500351216e+00,-2.717028178447337794e+00,1.820655531174048269e-01,1.331485121720959452e-01
2.407723690914613002e+01,-2.206697286034427918e+01,2.394552716243266488e+00,1.782550797081028815e+00,-3.640530567815601248e+00,3.115778053404323344e+00,-2.910388552710150734e+00,1.864765856613768424e-01,1.363504014535269204e-01
2.564707919285429227e+01,-2.352468075739900399e+01,2.041872150554826959e+00,1.842767458948183057e+00,-3.546124035087273807e+00,3.030213199169213389e+00,-2.878926224363542730e+00,1.985119075641559039e-01,1.472605128576506550e-01
2.471623579874482246e+01,-2.275281067644563038e+01,2.156427775063418206e+00,1.766219128146051309e+00,-3.393345866520173004e+00,2.848595163165660082e+00,-2.589500709652989840e+00,1.937852616225994862e-01,1.445051837842302456e-01
2.906764927518133490e+01,-2.638532658913310058e+01,2.121664515363209436e+00,1.745972643047619233e+00,-3.399861467872168586e+00,2.603974212531453336e+00,-2.792148126987816781e+00,1.865215520193540255e-01,1.347574437523393898e-01
2.979096386214989423e+01,-2.697002532556397014e+01,2.462901492576556439e+00,1.831829345658689379e+00,-3.622108983452116071e+00,2.856739344224007215e+00,-3.106268379216678088e+00,1.896418209119134501e-01,1.351207399653617525e-01
2.621263813946534782e+01,-2.452382040485919035e+01,2.027370815273084936e+00,2.031627844038303543e+00,-3.696982066334178807e+00,3.315898224592838783e+00,-3.003604703325617908e+00,2.166327035590239758e-01,1.659479936567470060e-01
2.547419583560496648e+01,-2.335069125140749335e+01,1.727545758668849407e+00,1.617116391665092801e+00,-2.839468385566909170e+00,3.013118513677154997e+00,-1.987265149490499372e+00,1.847928923377246957e-01,1.381039185793234703e-01
2.477977290714509806e+01,-2.264562147622487487e+01,2.030367408609068391e+00,1.796858206051009432e+00,-3.664882646618942807e+00,3.090033813751101643e+00,-2.970078031528271545e+00,1.874412967181075806e-01,1.367217948853591269e-01
2.674019636790702847e+01,-2.460372672987288922e+01,1.990297852907186416e+00,1.624880859533462729e+00,-2.510196252501907477e+00,2.831000430825419745e+00,-1.745719043544655458e+00,1.984358613469429100e-01,1.501677609047621931e-01
2.955023873964259451e+01,-2.684961653143400184e+01,2.292395411037144726e+00,1.787566294963696345e+00,-3.520589047991438125e+00,3.154860276692194265e+00,-2.724978106858027882e+00,1.923732492417464801e-01,1.403879539123039366e-01
2.660404770768174743e+01,-2.432571663688273134e+01,1.354376816605323608e+00,1.860405523668704930e+00,-3.542334056414713217e+00,3.226802056021726983e+00,-2.766164551823238060e+00,1.980270510627549774e-01,1.452331815199945364e-01
3.145162023407023355e+01,-2.833440710793660955e+01,1.388263263438594519e+00,1.736198513307652735e+00,-3.519297599088239359e+00,3.041311740188022306e+00,-2.768268947364580068e+00,1.829368605004623172e-01,1.310621774396312222e-01
2.728777478763295150e+01,-2.493866946204307666e+01,1.945285828344019530e+00,1.748988766920961169e+00,-3.343978857246724612e+00,3.221278134136888571e+00,-2.579597409026763710e+00,1.910622416040878568e-01,1.412689304632848142e-01
3.044865501872121527e+01,-2.766718577612222774e+01,1.618258749489867476e+00,1.887185212778834220e+00,-3.552998723523363989e+00,3.250318503269556292e+00,-2.847500338289886468e+00,2.013152864467953052e-01,1.464826871901708516e-01
2.829685685786857974e+01,-2.591875896582617145e+01,1.406303186727988486e+00,1.690175919969219676e+00,-2.806546099904092095e+00,2.887257774071640082e+00,-2.011826414733235868e+00,1.964479137449502144e-01,1.475416492483589970e-01
3.103427157793030489e+01,-2.817074791313688209e+01,2.039076877302321122e+00,1.811833447630948335e+00,-3.346954504376652650e+00,3.038335845978677341e+00,-2.610380241704072457e+00,1.994306300988699376e-01,1.454590540438255308e-01
4.652236283334623579e+01,-4.069933220515458316e+01,2.120057357816368615e+00,1.528810739446159861e+00,-2.931146719733753514e+00,2.782798007507520932e+00,-2.177705950949156311e+00,1.652700216914447240e-01,1.037408718307230443e-01
2.786137652497236061e+01,-2.551654688628277157e+01,1.728991425940679338e+00,1.787581405751042629e+00,-3.289261965217938233e+00,3.074079750716049553e+00,-2.549971258430927978e+00,1.974466055620967275e-01,1.464579025546699498e-01
2.647867879340500963e+01,-2.418579396747018251e+01,2.173209155611949051e+00,1.837979454559673043e+00,-3.114852892026496178e+00,2.310335677610896976e+00,-3.012050137169028918e+00,1.970539010951559977e-01,1.454660703030409008e-01
2.625035442532443497e+01,-2.407443436181806362e+01,1.492085756843922084e+00,1.849035870793349856e+00,-3.236016995795174989e+00,3.124413143597533526e+00,-2.746058595030151928e+00,2.025488928202376915e-01,1.510270879652189091e-01
2.669307348187795625e+01,-2.441233943987418087e+01,1.822555965587683513e+00,1.900484091529429209e+00,-3.526628398845221835e+00,3.075361255970896934e+00,-2.814315689540741072e+00,2.049904878942722108e-01,1.508096567740264959e-01
2.334753111195754727e+01,-2.151661053273791069e+01,1.692284543358863802e+00,1.808155451857168083e+00,-3.567204163540299788e+00,3.120644800825123966e+00,-2.791017603951674975e+00,1.941736744981840679e-01,1.447815855565583731e-01
2.984229909129940594e+01,-2.702777646644072007e+01,1.813180246848115296e+00,1.854552279171661322e+00,-3.623785730283489048e+00,3.209325607076083831e+00,-2.902970134688836357e+00,1.948147298260915483e-01,1.401082781497475227e-01
2.095889107843769139e+01,-1.941008245062201354e+01,2.317402508812069772e+00,1.879341691762297151e+00,-3.546210908241940185e+00,2.751350900607025807e+00,-3.333854647181204722e+00,1.863630174380827287e-01,1.380211302170707144e-01
1.884774498946288546e+01,-1.752965875859113254e+01,2.072957881311501271e+00,1.681540444849898508e+00,-3.540281523237094774e+00,3.108655085931037121e+00,-2.762356929575422892e+00,1.730937938723645930e-01,1.298023535934391404e-01
2.291379486951536748e+01,-2.107156459887949396e+01,2.468438407578435356e+00,1.733594364980535207e+00,-3.562336262329483638e+00,3.119977727685574465e+00,-2.807769733150100144e+00,1.817798926778902147e-01,1.341680494065866092e-01
2.745291863335721061e+01,-2.501756036791872972e+01,2.022888113232018448e+00,1.909621034591276301e+00,-3.745319304308289077e+00,3.198529867363520740e+00,-3.064551293208674032e+00,1.988249704128505768e-01,1.442571048374125531e-01
2.397008142729489322e+01,-2.201031578413506296e+01,2.230416985519484641e+00,1.780064862173245777e+00,-3.547574982558606038e+00,3.237686465885159848e+00,-2.820028665528821588e+00,1.876953501041759009e-01,1.388363856195032608e-01
2.374093195109061938e+01,-2.181268131053118609e+01,1.463372427414195265e+00,1.894040566152199512e+00,-3.684796160974168178e+00,3.331740948966222859e+00,-3.171831581897035512e+00,1.937175002169706783e-01,1.425717419772903616e-01
5.045047962918568629e+01,-4.353788848281975987e+01,2.299443796065427925e+00,1.409986397507861478e+00,-2.908337380533517535e+00,2.889431786313683137e+00,-2.241898129826987329e+00,1.405798773877702246e-01,7.616481011113913902e-02
2.832945807178396791e+01,-2.588287113249936056e+01,1.377779857803123065e+00,2.008940594805247670e+00,-3.646653131023144923e+00,3.393727779067832184e+00,-3.153718816435741257e+00,2.056967720470007088e-01,1.497931471009950055e-01
2.959966374591442673e+01,-2.697416170208369124e+01,1.595165031135266753e+00,1.951462420128277087e+00,-3.629105870180367344e+00,3.243206159161282631e+00,-2.868174757593339841e+00,2.084342856420278445e-01,1.521547773212582333e-01
2.525419685232824563e+01,-2.320950368003542152e+01,1.362346309683623025e+00,1.944502862898058515e+00,-3.760944917216920036e+00,3.455958547233511702e+00,-3.085251871012938629e+00,1.995237082986553723e-01,1.465125212020011169e-01
2.579086980773562487e+01,-2.375170363990218192e+01,1.490942230404443514e+00,1.854956246153933508e+00,-3.391713447921795410e+00,3.161135051943166463e+00,-2.613909099129841263e+00,2.026523385014454559e-01,1.513338049573779154e-01
2.818303239379235592e+01,-2.575312209868606672e+01,2.147162999315235687e+00,1.884856077590151058e+00,-3.627114115126063965e+00,3.331067535957456638e+00,-2.999321283395738114e+00,1.985889187047716331e-01,1.458144491499344109e-01
2.715718589952560080e+01,-2.486616334960729091e+01,1.591731948492018933e+00,1.905973747853055622e+00,-3.611296293575563254e+00,3.329458397918918955e+00,-2.975053002634445498e+00,1.995248327505438068e-01,1.468236587949107996e-01
2.585692973144498197e+01,-2.367887380706497069e+01,1.755345818193329688e+00,1.779854577471852828e+00,-3.443403118220838888e+00,2.982959342471823483e+00,-2.711282567073095340e+00,1.878406953821816772e-01,1.385769699013817968e-01
3.064778745890220435e+01,-2.781145630514287603e+01,1.714346667389379464e+00,1.807479133788832515e+00,-3.509477690253546722e+00,3.143700809014626785e+00,-2.796372262068673287e+00,1.931448551256662316e-01,1.398218124083902836e-01
2.638110194268717379e+01,-2.418413654780831124e+01,1.659302995668263669e+00,1.878445588907006414e+00,-3.193946024330624134e+00,3.201703425689588656e+00,-2.701988945768234451e+00,2.039292070864854589e-01,1.507981201988158881e-01
2.789685576636921027e+01,-2.546021402364967301e+01,1.731751974891483359e+00,1.824581917890213623e+00,-3.246734152215061453e+00,3.269834529521023825e+00,-2.638879574879219536e+00,2.009777388030628553e-01,1.479942781961653964e-01
2.858199129981563402e+01,-2.610989114078537909e+01,1.511934173324521513e+00,1.931777767912191246e+00,-3.401425149260155933e+00,3.279080607902133071e+00,-2.934031723530971636e+00,2.016308837472937376e-01,1.472822354142956647e-01
2.600368884558042026e+01,-2.385023336092144319e+01,1.539325846183582369e+00,1.843116738591379589e+00,-3.428650094891608102e+00,3.266290478290955868e+00,-2.848769925145132831e+00,1.955090589677553337e-01,1.449502876716187716e-01
2.881909700510842853e+01,-2.621082201363877928e+01,1.392018204143008475e+00,1.870911454499488036e+00,-3.428708741854956443e+00,3.405000304214473417e+00,-2.766677531990259453e+00,2.021378289803425488e-01,1.469603850141348589e-01
2.790030876414431660e+01,-2.556146862986011925e+01,2.833116531639260582e+00,1.890171883844014911e+00,-3.239117456592247812e+00,2.396307108110703243e+00,-2.981587662780090575e+00,2.063910175674498471e-01,1.536452047730030301e-01
2.676217959310481831e+01,-2.457226772463347686e+01,1.956712899614346135e+00,1.896370854375264425e+00,-3.268079281077193698e+00,3.276775408096213038e+00,-2.668938394654882806e+00,2.100363841996865655e-01,1.557625439077529039e-01
2.401638661795543328e+01,-2.218033422064085158e+01,1.805487347798108599e+00,1.864028152858787424e+00,-3.570349300323449881e+00,3.303363070883618136e+00,-2.694389609552829246e+00,1.979632381757743809e-01,1.470010452418480384e-01
2.665978124912049196e+01,-2.448486203889382296e+01,1.722467502724925881e+00,2.035157138008849120e+00,-3.771032023529854449e+00,3.063969638528730055e+00,-3.285361597226254204e+00,2.110960420108514424e-01,1.554283159033628681e-01
2.665563421071715666e+01,-2.451853846272997117e+01,1.780328786873052627e+00,1.794003599016166017e+00,-3.031557274877042740e+00,3.161955056214647897e+00,-2.294248055122345420e+00,2.070188157045605715e-01,1.552932510878091976e-01
3.040750016228536268e+01,-2.776547907405198501e+01,2.240755482710196755e+00,2.059238863528915608e+00,-3.678522924948584905e+00,3.372518594432042160e+00,-3.248509474833728206e+00,2.168653385503136743e-01,1.590164664605522860e-01
2.731666976394853563e+01,-2.511029484561010960e+01,1.965267158617721055e+00,1.888807466936797352e+00,-3.413885728493173399e+00,2.982916730293886154e+00,-2.643502414587238558e+00,2.071305986434774649e-01,1.546519749968565671e-01
3.062805459928573981e+01,-2.782262090534648635e+01,1.910229662322292299e+00,1.877659338517720267e+00,-3.337366418459284834e+00,3.397598390087349873e+00,-2.652447129093946199e+00,2.088699263879631729e-01,1.523640303270344110e-01
2.914986540197419984e+01,-2.647708659130124786e+01,2.115191836976835660e+00,1.704965811514439933e+00,-3.193861348990895799e+00,3.173501924743935110e+00,-2.379724014341525695e+00,1.899145427549563947e-01,1.391051649832747428e-01
2.710369592449066545e+01,-2.474853392394412310e+01,2.105726813783409757e+00,1.962524289159552682e+00,-3.815436416435735278e+00,3.253880920898529983e+00,-3.259126638699948675e+00,2.010431526744732578e-01,1.459282024516374010e-01
2.653724031008769302e+01,-2.428362940850841767e+01,2.172159965144828675e+00,1.914930864039495750e+00,-3.366872598914968595e+00,2.651571335945505314e+00,-3.219640099885328510e+00,1.989967235455059047e-01,1.468416780319120041e-01
2.680798104780108204e+01,-2.449997501776341480e+01,1.896485976039113508e+00,1.970477169151108265e+00,-3.580116099680336728e+00,3.350594105515432464e+00,-3.107886858166210686e+00,2.033303490226846810e-01,1.481290544609230875e-01
2.369631214015723586e+01,-2.181316101065404212e+01,1.883408841458754424e+00,1.824923145619886666e+00,-3.585526299048071852e+00,3.272172832703320378e+00,-2.866666217356646840e+00,1.931423262114999873e-01,1.432576645817301431e-01
2.534176526215863845e+01,-2.319146541003737383e+01,2.190134128094369803e+00,1.901196840724253656e+00,-3.570915066861535703e+00,3.251478174695597190e+00,-2.996618643319195030e+00,1.973660127749662652e-01,1.441967102717642557e-01
2.565067769704875644e+01,-2.356813737744840154e+01,1.617948455958542864e+00,1.789894740923061001e+00,-3.344616240608018209e+00,3.226014831819834061e+00,-2.520111457894456564e+00,1.953811968193765181e-01,1.451243194644261658e-01
2.614457854884679833e+01,-2.422239251635281931e+01,1.974918076382442544e+00,1.964399585672879756e+00,-3.590125861045553535e+00,3.297831131668189197e+00,-2.808208395915122502e+00,2.135211903206793160e-01,1.619960683511640076e-01
2.613130998674490257e+01,-2.397678149974105466e+01,2.322552450582690664e+00,1.845541107659765867e+00,-3.656946144337801741e+00,3.276769458084363151e+00,-2.811098123105711277e+00,1.964430434629849398e-01,1.451350168497292925e-01
2.645279353125259902e+01,-2.421112321776573140e+01,2.340126569586537197e+00,1.918593083672563093e+00,-3.727430080925666633e+00,3.307014823738823939e+00,-3.047682847068548195e+00,2.018844967779090671e-01,1.483325983556308680e-01
2.288661301687346494e+01,-2.106357972217734797e+01,1.851504138814142886e+00,1.768794735180672761e+00,-3.411937135039834867e+00,3.288512578326820979e+00,-2.856186053287849358e+00,1.848129543771968308e-01,1.371069330421653409e-01
2.766947655431841468e+01,-2.519679120767118974e+01,1.954679769478318674e+00,1.781090910836953922e+00,-3.282217079335603582e+00,2.930989571441272812e+00,-2.663143417184993478e+00,1.955402972324801203e-01,1.433141536384420489e-01
3.178397888804714455e+01,-2.870578751952419694e+01,1.706345358793577516e+00,1.906503401093623484e+00,-3.476035631110902635e+00,3.241463473125429040e+00,-3.142160795229387737e+00,1.963783013149387469e-01,1.402016202016624635e-01
1.879894002756016391e+01,-1.738143088718652862e+01,1.895037330774131945e+00,1.619565676683188737e+00,-3.242809485329533281e+00,2.558804708054231991e+00,-2.886991008949947535e+00,1.625935001031119098e-01,1.205026965995759508e-01
2.844143740036165013e+01,-2.598854201683924003e+01,2.202948898784829357e+00,1.983853725210865449e+00,-3.174250341643197526e+00,3.002292336471389156e+00,-3.253089067565899217e+00,1.990604396492844930e-01,1.462156770540356809e-01
2.737175818765887314e+01,-2.494629385567545299e+01,2.841123256995988555e+00,1.878442491821375349e+00,-3.444582093320180505e+00,2.725406926924767159e+00,-3.252325116207547051e+00,1.906715604316992774e-01,1.387365004243434619e-01
3.234936032938384187e+01,-2.921253677634416945e+01,2.609283323333990712e+00,1.774032416471228002e+00,-2.899573337794708827e+00,2.492395004524409874e+00,-2.580740602636352410e+00,1.917714647713904819e-01,1.384903141330331433e-01
2.470785825590177609e+01,-2.264655692018814293e+01,2.346619564211343434e+00,1.741740034814394100e+00,-3.198369950734110123e+00,2.688028358024567410e+00,-2.894984582145059271e+00,1.821634911735046103e-01,1.347848302970945378e-01
2.971224637222695009e+01,-2.691247135543699542e+01,1.744823365533624271e+00,1.759218031410672012e+00,-3.191560683082926175e+00,3.164494695533754065e+00,-2.667364039098103934e+00,1.890971470027013046e-01,1.370332699085094752e-01
2.864802621987528042e+01,-2.609054419718944473e+01,1.457117746493010513e+00,1.787970409039972619e+00,-3.231974376568921503e+00,3.336148257353931612e+00,-2.548289959148717809e+00,1.966287342756879997e-01,1.438389749521689354e-01
2.818450564637364764e+01,-2.575303109806831614e+01,1.474657012199140915e+00,2.009906194350685738e+00,-3.574794042464690236e+00,3.313423142877764072e+00,-3.132187654412015743e+00,2.044715446942491910e-01,1.482611057201635718e-01
2.533076610665928641e+01,-2.327398662964471399e+01,2.310706718690525463e+00,1.986362791263154071e+00,-3.326703716398985211e+00,2.944477271597589763e+00,-3.300235251631980393e+00,2.012913945379024017e-01,1.497540445314979041e-01
3.175336725868448084e+01,-2.848683387405268874e+01,1.691185965225156185e+00,1.648805925716440690e+00,-2.820172735321721635e+00,3.116376133001901305e+00,-2.220068955052728388e+00,1.829112686728136816e-01,1.305680360650528782e-01
4.158247941699000449e+01,-3.653497877955809514e+01,1.832898853682031204e+00,1.513482124516054572e+00,-3.081076429657099602e+00,3.130316912602879142e+00,-2.167852781503255777e+00,1.605768869042668856e-01,1.012931006794930283e-01
2.146043388851115452e+01,-1.991090366194944394e+01,1.222227135766135175e+00,1.825293430299909758e+00,-3.567427358968299878e+00,3.077704382620727319e+00,-2.971716975191084575e+00,1.883292282685547769e-01,1.411740739830308344e-01
2.936531981302682581e+01,-2.676685090285029744e+01,1.671388198767713495e+00,1.930613184373211055e+00,-3.584420566543412345e+00,3.400635468209947554e+00,-2.949935350363696696e+00,2.060692363520468251e-01,1.504614853298285593e-01
2.641715970528550272e+01,-2.412364836965310744e+01,2.352594462029128586e+00,1.832246550761395643e+00,-3.521580857555777211e+00,3.058844033517878813e+00,-2.921988453761906968e+00,1.943044764178331607e-01,1.421196928939174597e-01
2.541113479447209400e+01,-2.326081248632418763e+01,2.062147393039970300e+00,1.872784065227019346e+00,-3.320660466704786984e+00,2.721880936256033223e+00,-3.123071537388992347e+00,1.949984141802800774e-01,1.437467327705158060e-01
3.237633090660567348e+01,-2.932860165088378679e+01,2.405273606964765332e+00,1.911251030843273746e+00,-3.626899819332972008e+00,3.001631471789183880e+00,-3.034712653188453402e+00,2.032730190951032023e-01,1.465013396601609341e-01
2.720444462197326629e+01,-2.482104344756634617e+01,2.326253468720115070e+00,1.969501455914053789e+00,-3.769025716671691395e+00,3.194815987402175317e+00,-3.228370225912315927e+00,2.035828063158489354e-01,1.477890229231102193e-01
2.873990892712545886e+01,-2.614640003901241982e+01,2.004675127709565796e+00,1.887100465989616671e+00,-3.646534009079884786e+00,3.274308099862007992e+00,-3.099166380551757083e+00,1.954411427947427282e-01,1.420116207143077569e-01
2.232254986824758447e+01,-2.064290098693124520e+01,2.062375212205281638e+00,1.867221861173494979e+00,-3.567972894177473986e+00,3.059324712058250739e+00,-3.052040864950996468e+00,1.924381803527223100e-01,1.436535485862713013e-01
2.994419584278606550e+01,-2.731092072481201427e+01,2.160526061010261678e+00,1.941372676441362577e+00,-3.535170950156426795e+00,3.234626240823895493e+00,-2.862942037762963743e+00,2.096737871876284964e-01,1.540276054364276836e-01
2.886750587056636874e+01,-2.634666557364958805e+01,2.033646248510631693e+00,1.942117706517996645e+00,-3.709096000833751017e+00,3.354091477941599564e+00,-3.100051054669096029e+00,2.015479807978766968e-01,1.464997201363344437e-01
2.968582480257352429e+01,-2.701430057004836272e+01,1.645250395325059678e+00,1.862246640342228421e+00,-3.493157402698011449e+00,3.381105620851055260e+00,-2.806969374004128159e+00,1.978041113120244110e-01,1.438997042638887336e-01
3.054828466109170293e+01,-2.775562715396678115e+01,2.042992575983223702e+00,1.884529454478552690e+00,-3.524318864764310444e+00,3.294073161498864089e+00,-2.883423457214446373e+00,2.021305648811355660e-01,1.472489326881833427e-01
2.132072628988477092e+01,-1.972113632940537542e+01,1.434729139619536298e+00,1.798796860096081085e+00,-3.540710188277774950e+00,3.145677424256624555e+00,-2.854848254789151163e+00,1.869872246172476771e-01,1.391257753425423627e-01
2.577643753734375665e+01,-2.362875447290757691e+01,2.470067206980458785e+00,1.874384965850238283e+00,-3.694801546563644123e+00,3.376066582335031541e+00,-3.004657343562258554e+00,1.961717823590484466e-01,1.443102745724365865e-01
2.964262451366386841e+01,-2.691709150714870447e+01,1.921100782116528238e+00,1.788490324025081124e+00,-3.359721300124263177e+00,3.038292798956795604e+00,-2.575605820208213714e+00,1.981276781797664255e-01,1.448487617486831913e-01
3.210043806874926275e+01,-2.897007553707620886e+01,1.927873547335498428e+00,1.741093983682776347e+00,-3.146126066461936599e+00,3.193978085510575937e+00,-2.393512152877011356e+00,1.950338745385015726e-01,1.416945474587015807e-01
4.867053465030815573e+01,-4.232544719675303213e+01,2.348869975265931664e+00,1.577050484575354794e+00,-3.405486593427892839e+00,3.112005381310184671e+00,-2.510517628496437670e+00,1.635250818224763258e-01,9.579724687302410002e-02
4.475066561747237870e+01,-3.917917688297253420e+01,1.266513197936469215e+00,1.637953550141668879e+00,-3.406524163790083382e+00,3.163784223660683459e+00,-2.511487783657393003e+00,1.684261158652907708e-01,1.042573556804351209e-01
3.112467706405311318e+01,-2.805261709184746266e+01,2.424181658586150423e+00,1.665114746973006321e+00,-3.264210421890258118e+00,3.081002000392054185e+00,-2.411934707156453417e+00,1.823307434649760195e-01,1.312114811514660528e-01
2.401409684533399513e+01,-2.214866564786013114e+01,2.309438434338143775e+00,1.706951274649398220e+00,-3.015019010463607430e+00,3.205774642083412562e+00,-2.413144029734545004e+00,1.880119733861303211e-01,1.409586175827409193e-01
3.088686097145229681e+01,-2.810808349869256162e+01,1.979809513199522142e+00,1.949244913399575285e+00,-3.682583008214066922e+00,3.185479683078922708e+00,-2.905093756494838253e+00,2.104871489509544946e-01,1.535162166320694077e-01
2.337482611366936780e+01,-2.152586250317431293e+01,1.996870884818373160e+00,1.835582226054545130e+00,-3.555711579443057602e+00,3.344966795892618361e+00,-2.876444540677718820e+00,1.934390179944049382e-01,1.433275736909450093e-01
5.084871724160627338e+01,-4.399565952330112140e+01,2.348190391416086875e+00,1.512154287171158629e+00,-3.401869020325127835e+00,3.114735117773602457e+00,-2.540852502172389560e+00,1.509273289346408642e-01,8.229466499610364749e-02
2.513983599752286935e+01,-2.302091298141504438e+01,2.144748113366276243e+00,1.906036595502980324e+00,-3.736873276790554588e+00,3.298372946877448975e+00,-3.055224815256294857e+00,1.983661701246831333e-01,1.454344166515099679e-01
4.632758876124501768e+01,-4.046261319589549998e+01,1.494735501176057024e+00,1.711709885656392149e+00,-3.625452986600836702e+00,3.200970387164406628e+00,-3.037137832752027755e+00,1.660318569314462867e-01,9.985258400739462081e-02
4.867241461292299221e+01,-4.226215713126271822e+01,2.205923980193517320e+00,1.596936361533974225e+00,-3.544296190439850669e+00,3.150655333879702980e+00,-2.783926614239297770e+00,1.559405733370901881e-01,8.812093640154114449e-02
4.849306040430680298e+01,-4.220342652242592862e+01,2.420137071328984923e+00,1.665014425246647889e+00,-3.584412046881819247e+00,3.213387229664402600e+00,-2.901338810531321588e+00,1.633800665861937784e-01,9.575276186338381457e-02
4.209912091949509261e+01,-3.694053676009026788e+01,2.212270347332172538e+00,1.696264503429857573e+00,-3.579717731059663954e+00,3.160694129942000163e+00,-3.033372271505490936e+00,1.637641534137957156e-01,1.019756974223037516e-01
4.098667299025154165e+01,-3.586883617568682325e+01,2.655864381799191598e+00,1.546756006305594067e+00,-2.999219877832637327e+00,2.313823432689126935e+00,-2.727668745295176667e+00,1.538292735405517586e-01,9.518606712298077754e-02
2.755035107127134353e+01,-2.516063075207361877e+01,2.257372028909575334e+00,1.788383241901054799e+00,-3.422294984875412283e+00,3.041331557490063897e+00,-2.557231318906130646e+00,1.973417625857726843e-01,1.452128472281486171e-01
2.659416853505756961e+01,-2.438526482270661688e+01,2.271237260552870563e+00,1.968489099375181350e+00,-3.637485339502688930e+00,2.751692433237371560e+00,-3.412681198994976128e+00,1.993278354402912289e-01,1.459846692874046115e-01
2.500067761868583460e+01,-2.298477144480874657e+01,2.402465423100929698e+00,1.822972689373493216e+00,-3.289201790634619371e+00,2.517535864834445469e+00,-3.064126124189720191e+00,1.901506705937313080e-01,1.415357312865693773e-01
2.541447574776966079e+01,-2.340875808271683312e+01,1.427978750285281651e+00,1.916510681191808452e+00,-3.812299809675478102e+00,3.871692823496836411e+00,-2.965032260468287717e+00,2.025151942926066428e-01,1.493615995575388045e-01
3.000154928034936219e+01,-2.733228104660948787e+01,1.991805744666283795e+00,1.850076787061411876e+00,-3.423716000172373874e+00,3.267139886737610688e+00,-2.632695606578998593e+00,2.062573264885589064e-01,1.520764985368393829e-01
3.173405542095755294e+01,-2.871152883526017519e+01,1.669459885296657120e+00,1.870405240902397015e+00,-3.502402136097979568e+00,3.378661386107335574e+00,-2.939856210320328067e+00,1.966375893600482705e-01,1.419859340199574604e-01
3.609990603761919914e+01,-3.223455980818696531e+01,1.909331985273090559e+00,1.750925734680232715e+00,-3.389021238257233559e+00,3.233217872028619766e+00,-2.665940217556847625e+00,1.853235667301221246e-01,1.286036777221292171e-01
3.122937542396870469e+01,-2.841595584496074522e+01,1.752355069830259016e+00,2.098024862758045561e+00,-3.644211094321318178e+00,3.318254193379265082e+00,-3.460179109239157835e+00,2.086631998013292466e-01,1.500659578865494448e-01
2.198698771941980823e+01,-2.039777496682946634e+01,1.640401813243010709e+00,1.713611706809682778e+00,-3.291110573476488721e+00,3.222177339588914169e+00,-2.519847995516955041e+00,1.829057328087309031e-01,1.366927501113599230e-01
2.629864912299300173e+01,-2.414979832695957640e+01,2.314790280009931145e+00,2.005288147639527008e+00,-3.293926507126383019e+00,2.954075315361029741e+00,-3.328484306999024422e+00,2.029847751879294560e-01,1.509911587361617291e-01
3.000358833000206715e+01,-2.740767205233994019e+01,1.402980210020067675e+00,1.877047577125587896e+00,-2.532000541468916399e+00,2.831120022770900579e+00,-2.374567903446302086e+00,2.094416639353776921e-01,1.553864826176881708e-01
2.912397844431319172e+01,-2.663592911813122655e+01,1.642741553896036155e+00,1.956929074513746203e+00,-3.002657706674001670e+00,3.121790714950222423e+00,-2.824068612929951261e+00,2.109622513039789704e-01,1.560700209981475683e-01
2.342830442516794776e+01,-2.164304479106622381e+01,2.538837407537050339e+00,1.880539459411886272e+00,-3.005665371974078681e+00,2.991795797094205955e+00,-2.928057250566280079e+00,1.948618675532645117e-01,1.471045731813926671e-01
2.919954852276581647e+01,-2.649694797131700597e+01,1.543784767312727624e+00,1.543638282344484081e+00,-2.519701193160582608e+00,2.747796729389586634e+00,-1.816496124157703340e+00,1.817001574610903336e-01,1.355784662773173166e-01
3.034333221377814027e+01,-2.770140872046398428e+01,1.482678062529890317e+00,1.723972097017170801e+00,-2.691184663428022095e+00,2.904356751346113263e+00,-2.044562340986721960e+00,2.041681410953438136e-01,1.533165703125868307e-01
2.945483262272208691e+01,-2.670265503480496960e+01,1.683903708523758258e+00,1.768122433309860186e+00,-3.023614041465998437e+00,3.160056564661451350e+00,-2.556979850977922020e+00,1.934722045079303177e-01,1.413353592450633245e-01
2.866264276349971851e+01,-2.616402435386947900e+01,1.874414068345248374e+00,1.938565990089404112e+00,-3.716749034553708420e+00,2.893290163798025283e+00,-3.045441005059079664e+00,2.073969182567505787e-01,1.510861386949085283e-01
2.925373492080024818e+01,-2.655082109048266403e+01,2.100685093626573519e+00,1.888406331823309303e+00,-3.547220964053736658e+00,3.428384316703200874e+00,-3.081714214328682644e+00,1.967039860464284695e-01,1.416515850739155924e-01
2.089326476468885119e+01,-1.932398966391724571e+01,1.569471885090087726e+00,1.641496166529459177e+00,-3.279659274800113877e+00,3.121598674668822238e+00,-2.476847916081358569e+00,1.772263376226637932e-01,1.322090969955663775e-01
2.882338420588302697e+01,-2.624740647938457272e+01,2.004004855051213951e+00,1.960160917932422642e+00,-3.682669806977097782e+00,3.290600640504043550e+00,-2.972613292997348999e+00,2.051140108730755418e-01,1.486830895037981881e-01
2.834863468731219527e+01,-2.577811378003976017e+01,1.951992675560658919e+00,1.896705333000806792e+00,-3.747174631680925572e+00,3.384458143377887307e+00,-2.969859618416187619e+00,1.984142829662917384e-01,1.436112087039176088e-01
2.448556255721140218e+01,-2.249357564835670331e+01,2.001873757888394501e+00,1.860883922812614388e+00,-3.656981558285439693e+00,3.471911249200821281e+00,-2.951915396740331765e+00,1.963402538972127132e-01,1.448206141371607969e-01
2.676867888470306411e+01,-2.434600362392026085e+01,2.239974178314497966e+00,1.890392404151262085e+00,-3.638900687509774912e+00,3.223147485637432474e+00,-3.256505555944841479e+00,1.905591889348744183e-01,1.373015381660351031e-01
2.132035197995639564e+01,-1.971251729854792600e+01,1.977496502047057403e+00,1.855710828127880463e+00,-3.381229992952071939e+00,2.711358313140614928e+00,-3.297014140480408084e+00,1.844272840726955964e-01,1.370909486188734427e-01
3.169191494988719171e+01,-2.858557108298577987e+01,1.228956423497398864e+00,1.557483527582971039e+00,-2.541741528651555893e+00,2.640945527482578825e+00,-1.840828286817786319e+00,1.845565367520839162e-01,1.350268557996051888e-01
3.061202712238858581e+01,-2.784623517647614932e+01,2.106809511828242609e+00,2.052737372713330899e+00,-3.532572535293851068e+00,3.128744213113887618e+00,-3.345490653302902295e+00,2.076769581890991756e-01,1.502177412715336724e-01
2.737731205292142889e+01,-2.498581240950063886e+01,1.722345561722247398e+00,1.826526908092829915e+00,-3.312138852118632570e+00,3.324705049159040193e+00,-2.690528291246220061e+00,1.995889895718625517e-01,1.465684069560289349e-01
2.489418221941118503e+01,-2.286197407178796226e+01,2.772320751182341780e+00,1.925640353596950405e+00,-3.368505941588080699e+00,2.745253597854870886e+00,-3.278086966691834636e+00,1.971526306958421015e-01,1.462774670492225093e-01
2.545438883142533726e+01,-2.328439141107138965e+01,2.477607903602888406e+00,2.065334082968009355e+00,-3.601571819109981920e+00,3.244847310020297915e+00,-3.583914091115148359e+00,1.987199975667152119e-01,1.440957689670477326e-01
2.564042992218226402e+01,-2.350117685428060099e+01,2.441675637246672359e+00,1.949382818083034374e+00,-3.384984221944160154e+00,2.831795833896020742e+00,-3.286143762095507181e+00,1.998624523517780194e-01,1.476666415655457087e-01
2.818643400101176866e+01,-2.571605274647455275e+01,2.092829888149512652e+00,1.941902817549137961e+00,-3.192085926834434595e+00,2.862861526427845860e+00,-3.115697933346232684e+00,2.016503482313549978e-01,1.480708558898641836e-01
3.029533664880954191e+01,-2.745089397548353460e+01,2.559657516043201575e+00,1.759070235266280369e+00,-3.306173578895719167e+00,2.990795926391196957e+00,-2.669359258619231845e+00,1.900264286286596216e-01,1.381274628731604392e-01
2.748231163085972639e+01,-2.499602678087063623e+01,2.056443452484824075e+00,1.814482791710861687e+00,-3.507832014329193449e+00,3.135938202260707186e+00,-2.886148513371407986e+00,1.907141775371784809e-01,1.385259246161096025e-01
2.526375541292534166e+01,-2.315673883935603428e+01,1.888030168437304201e+00,1.866226863394084612e+00,-3.607697266724500196e+00,3.299414423543468367e+00,-2.866479854971979435e+00,1.967322656457801133e-01,1.444928819418698496e-01
2.668693919039311879e+01,-2.441281964719469499e+01,1.917489839720718736e+00,1.893180258473599276e+00,-3.420312512364238167e+00,2.867916443184967079e+00,-2.930540526712011040e+00,2.016060301801264332e-01,1.484323670548936547e-01
2.642122125329658289e+01,-2.418298604135821250e+01,1.985474743537853470e+00,1.936330235668916933e+00,-3.763802247359434805e+00,3.304865052678648052e+00,-3.288114655395597108e+00,1.968194016944541103e-01,1.436473243564275748e-01
2.824094146121992210e+01,-2.575962731670674088e+01,2.132318636427520619e+00,1.893488495084778567e+00,-3.635275100969422191e+00,3.181779811634333655e+00,-3.071520880335241621e+00,1.975199699845917034e-01,1.443668451695388211e-01
2.738369855826676513e+01,-2.515873577961439622e+01,2.203942457977957403e+00,1.781589005470517462e+00,-3.140064101996993262e+00,3.165287048223619504e+00,-2.418248047066905215e+00,2.028708530753105255e-01,1.524803238091308466e-01
3.048906117187656406e+01,-2.760010066767646819e+01,1.683135289321214811e+00,1.894376491998273515e+00,-3.445850668403872774e+00,3.434872850298769542e+00,-2.960692820969169858e+00,1.987242940132926405e-01,1.428215897691159919e-01
2.382892110575017242e+01,-2.191935404044420466e+01,2.393313563727055726e+00,2.029984791925168786e+00,-3.606234205793032110e+00,3.226674277522493917e+00,-3.612119124202142206e+00,1.938798217651816203e-01,1.424630340256994587e-01
2.907308798587773069e+01,-2.636727997576430127e+01,1.677186905621721902e+00,1.761572696489297485e+00,-3.173497550270779843e+00,3.306647131829298925e+00,-2.552030175634772302e+00,1.912800574560498679e-01,1.391242100353883848e-01
3.069887527908676716e+01,-2.783740831126482718e+01,1.272935859847969642e+00,1.831308163189516947e+00,-3.214797995217007820e+00,3.302276686491552926e+00,-2.644549432956980084e+00,2.008882292953818871e-01,1.465089273453354657e-01
3.376364584588174012e+01,-3.006874638799677157e+01,1.578891078081650079e+00,1.450840501340350919e+00,-2.691467472723787502e+00,2.902146256742045516e+00,-1.920904637620769906e+00,1.601019808167938041e-01,1.127212793665469809e-01
2.305360079090812775e+01,-2.118766913369072924e+01,1.774080254088894248e+00,1.771147502388382033e+00,-3.522472376164997865e+00,3.359461676325804280e+00,-2.882394527319203537e+00,1.816864744965230039e-01,1.336040782725078091e-01
2.637468880306445840e+01,-2.421175139163834444e+01,1.332009477353885085e+00,1.885991208428376309e+00,-3.445055234871271743e+00,3.007865620381017457e+00,-3.027134442078732057e+00,1.997727490725407784e-01,1.483286350581851654e-01
3.289121498315972758e+01,-2.976718408170587793e+01,1.369713935801568638e+00,1.885970698326597805e+00,-3.503434492775459930e+00,3.173535897494862201e+00,-2.865861131237309234e+00,1.985428748061509319e-01,1.437785585659341892e-01
2.698208089175221147e+01,-2.474251817480907079e+01,2.246260852859633950e+00,1.972348688977086040e+00,-3.472858834177007470e+00,2.822134530336784852e+00,-3.380573441739196827e+00,2.006322248096203409e-01,1.480095397274286406e-01
3.270277006813519449e+01,-2.963129735210819504e+01,1.619960242521215399e+00,1.871909048213911131e+00,-3.375236945199327820e+00,3.381314087904760957e+00,-2.796839109895159492e+00,2.021184319377448413e-01,1.464453852851521909e-01
2.539839274913231293e+01,-2.328573704477869910e+01,1.563143123262288769e+00,1.835039565048936616e+00,-3.510136892312416101e+00,3.400014634436745453e+00,-3.090062051155661127e+00,1.830411620358840530e-01,1.335010356757790062e-01
2.847100141449331900e+01,-2.596142504523542982e+01,2.160259739829035297e+00,1.839927564860347697e+00,-3.417173956531431411e+00,3.236697403436381126e+00,-3.002753705563040221e+00,1.917427965119029298e-01,1.395062998837025559e-01
3.053568002883511312e+01,-2.770622564468753879e+01,1.951243290107702810e+00,1.925466434380628700e+00,-3.427074198235076086e+00,3.286747779023130978e+00,-3.196545829116799631e+00,1.958091796394256512e-01,1.410420230389841378e-01
3.025026563178171202e+01,-2.745941906761451179e+01,2.266780514916250766e+00,1.933412629409238193e+00,-3.211629278264836351e+00,2.944480118855057782e+00,-3.205728885156598817e+00,1.935270682281912125e-01,1.402204113825789578e-01
3.140298035716779168e+01,-2.852950407498998686e+01,2.347067661603532862e+00,1.973998645494051019e+00,-3.713726646528913822e+00,3.100106212994293120e+00,-3.233354572148991579e+00,2.082633936859720203e-01,1.509191422695445317e-01
2.730320220898593320e+01,-2.504302395780445067e+01,1.664088913797693081e+00,1.794515420818777018e+00,-3.185751190997760940e+00,3.131011746865054679e+00,-2.435197114624863435e+00,2.035336378222640241e-01,1.513785433227255450e-01
2.859871686191064555e+01,-2.598947214783827775e+01,1.707779937202330345e+00,1.750247169896308241e+00,-3.223025467933291477e+00,3.277064126315106130e+00,-2.540074472961531438e+00,1.902418535151092216e-01,1.389970253414889723e-01
2.842540098556851191e+01,-2.595404301316406759e+01,2.782434236392185234e+00,1.863274454449683093e+00,-3.059511002572814053e+00,2.775832706987940046e+00,-2.748904812570932776e+00,2.017796212821429402e-01,1.496532471771524486e-01
2.863282927796175059e+01,-2.616713414776072355e+01,1.979607881277132497e+00,2.006067270576752826e+00,-3.500444107356930790e+00,3.429294421067216714e+00,-3.114829933737880641e+00,2.107729847259513511e-01,1.540422743158909591e-01
2.999794402046248010e+01,-2.727425058048913087e+01,1.928900991318389435e+00,1.942550305762397844e+00,-3.275012250330723074e+00,3.207662529030401721e+00,-3.058668059810613293e+00,1.967865330224246589e-01,1.427291502765071218e-01
2.521844678860117028e+01,-2.319356233810573187e+01,1.540026181497949898e+00,1.766361088010181213e+00,-3.092740565791161966e+00,3.197462670279544117e+00,-2.416953165827575134e+00,1.991122448268181910e-01,1.487594741323963465e-01
3.219421316472679706e+01,-2.925367016861578406e+01,2.248764015620780654e+00,1.947725082907276306e+00,-3.291451468918241918e+00,2.892973556781347266e+00,-3.047850598725754701e+00,2.061271076903767319e-01,1.509477034703464726e-01
3.044434847161798530e+01,-2.762052136025752347e+01,1.844089066190090831e+00,1.958758179382191544e+00,-3.426337542833727490e+00,3.221595286341258912e+00,-3.263721827336780734e+00,1.983097269940883312e-01,1.435036335413186204e-01
2.659090176715837117e+01,-2.436930771645351612e+01,1.770260702966181432e+00,1.809898796119293607e+00,-3.229103619188216534e+00,3.289758272922580051e+00,-2.652855969181482365e+00,1.987503227649348170e-01,1.473385410797866391e-01
2.588145874447921457e+01,-2.366471516011352350e+01,1.416490825573697876e+00,1.836698479887248547e+00,-3.187816359339273653e+00,3.343651724197599151e+00,-2.727375006780019540e+00,1.966886053645771071e-01,1.442644714522269833e-01
2.682811377804642916e+01,-2.447647886807603257e+01,1.638636318873372355e+00,1.918483310438711564e+00,-3.563852650371558628e+00,3.436242643004054464e+00,-3.172149812193737262e+00,1.926754185575881295e-01,1.397170675563681741e-01
2.818464313909351304e+01,-2.573345480861927470e+01,1.322228149062397717e+00,1.916797553647840546e+00,-3.478083042442968065e+00,3.477647785510816103e+00,-2.817764819964187595e+00,2.061651582599874077e-01,1.510460816737302092e-01
2.786736236520124166e+01,-2.557896881182388782e+01,1.963865020566570196e+00,2.059141015583018763e+00,-3.566636861841959938e+00,3.399615805008371794e+00,-3.437223377437793825e+00,2.045221866696695090e-01,1.511682912210700058e-01
2.674669281225718009e+01,-2.443828944352263122e+01,1.840815730067639100e+00,2.042363237411616517e+00,-3.576522146318523276e+00,3.388630379864816966e+00,-3.303177036566875113e+00,2.041761814762185212e-01,1.480402102665649977e-01
2.756567878524753112e+01,-2.516431779513482780e+01,2.386346750191766564e+00,2.106299061400334516e+00,-3.685201289936733016e+00,3.387369940575239102e+00,-3.622035939017344663e+00,2.049535097972748632e-01,1.485281523355841404e-01
2.183240398483620837e+01,-2.025243622937999532e+01,1.628669206842711992e+00,1.669002499188104727e+00,-3.057292377862556254e+00,3.101203536513786663e+00,-2.252860107202586448e+00,1.862223906289292019e-01,1.409231283102818921e-01
3.278940208942960055e+01,-2.962029786376360363e+01,1.750049215778995748e+00,1.822812648547127212e+00,-3.024052707755612968e+00,3.140784092130519678e+00,-2.634269100468324520e+00,1.985066588377235874e-01,1.443858615569050818e-01
3.407027414986918501e+01,-3.080334449468628932e+01,1.815221962783304388e+00,1.541094473679604837e+00,-2.233044493584472878e+00,2.581705198016049252e+00,-1.729736901906066660e+00,1.809165201170445658e-01,1.338477164849293244e-01
2.672553843449214384e+01,-2.448724003795907933e+01,2.049343344548152590e+00,1.856817457877350863e+00,-3.075726126453576903e+00,3.204682972222056669e+00,-2.750874872681593697e+00,1.986858211951722519e-01,1.471033292162425565e-01
2.144991195106952020e+01,-1.976163847745938895e+01,1.144448987865576139e+00,1.399418630221900717e+00,-2.309569725850560751e+00,2.834115694433622767e+00,-1.582563891266682177e+00,1.638046426265779010e-01,1.237974131688837909e-01
2.134402065864598796e+01,-1.973149788753042699e+01,1.966450205841078880e+00,1.641831423546936897e+00,-2.213981510488907123e+00,2.417012551245236285e+00,-2.211076060932726239e+00,1.751816775092052969e-01,1.333894705028477734e-01
2.397628608602246203e+01,-2.205693786473108986e+01,1.951275526830670959e+00,2.023939986796948531e+00,-3.655595161764218393e+00,3.193944580964592106e+00,-3.575610758451307269e+00,1.946069627539731839e-01,1.430344059235621745e-01
2.682688082992282474e+01,-2.440974018720042338e+01,1.964393014021810879e+00,1.914753649258154278e+00,-3.540258942669175735e+00,3.398551415569547096e+00,-3.285735602907719599e+00,1.898098309868555267e-01,1.368026081651078918e-01
3.328296123758362768e+01,-2.984886687520108595e+01,1.760278238391427941e+00,1.779830625563858737e+00,-3.422392973538167293e+00,3.124683138765771417e+00,-2.954632884567379492e+00,1.821691916006687173e-01,1.282837198536054546e-01
2.361553473217618659e+01,-2.173772261035774278e+01,1.949148902764120450e+00,1.729280174828298433e+00,-2.981013722254202136e+00,3.143672796032774830e+00,-2.557957455750010656e+00,1.850867452688065851e-01,1.384910463098535938e-01
3.067731968624825711e+01,-2.782535831866078269e+01,1.913620325292820556e+00,1.852581488008169686e+00,-3.320073843899922217e+00,3.307591249469795880e+00,-2.769995133387034070e+00,2.002587961507257541e-01,1.462649270819044167e-01
3.254348951385188116e+01,-2.945205628783395468e+01,1.590823561199502301e+00,1.779993153529798589e+00,-3.234236604940117221e+00,3.255417950547735639e+00,-2.572008697792883769e+00,1.954189347034759050e-01,1.422440452645784281e-01
2.700338072586686167e+01,-2.471705630055893366e+01,1.756999783310855268e+00,1.873693204776111232e+00,-3.393764897761103239e+00,3.293708221958434823e+00,-2.828020599949451430e+00,1.977873908405425041e-01,1.451259021333972665e-01
3.009818968692368912e+01,-2.744441401957327997e+01,1.838189611742098828e+00,1.937487415327616036e+00,-3.280223438826112670e+00,3.135089953240072891e+00,-2.965430280280450859e+00,2.096301100423109132e-01,1.541847892592228264e-01
3.394294800427807957e+01,-3.071052927503000873e+01,1.922856725971756831e+00,1.850816449093264149e+00,-3.218740101485797478e+00,3.295041978083477208e+00,-2.523922567747729495e+00,2.083526713769423833e-01,1.524798716408660437e-01
2.750852444718113787e+01,-2.521534803609185360e+01,1.580221797825322350e+00,1.884087783153325368e+00,-3.257229676641333338e+00,3.285116904371237823e+00,-2.655710281489184865e+00,2.101936174115930089e-01,1.563144082250263467e-01
2.774567183418002614e+01,-2.546300845710585037e+01,1.512520923317663746e+00,1.899180025983264075e+00,-3.339960951136784040e+00,3.315566267136985434e+00,-2.836639507574370445e+00,2.052420010009955997e-01,1.518842828666803479e-01
2.734271359459486206e+01,-2.512359734149402257e+01,2.334408964128875219e+00,1.847558716665323786e+00,-2.684062326110788099e+00,2.647674464266178251e+00,-2.580861825998161052e+00,1.985473676184828506e-01,1.499915496281479521e-01
2.839529905670017129e+01,-2.598296625229732726e+01,1.869537946035091824e+00,1.921271434447929582e+00,-3.376904045033183088e+00,3.305726440653991460e+00,-2.876945078357914465e+00,2.057669491846111920e-01,1.516842471637889489e-01
2.828424330831274602e+01,-2.582320585013226122e+01,1.879287680897898216e+00,2.006252675941355257e+00,-3.377834735033051317e+00,3.205978135191128509e+00,-3.293328572465874515e+00,2.021553762779159102e-01,1.475905996972057266e-01
2.518424176615084065e+01,-2.317756817685069493e+01,1.618678281075659031e+00,1.737254502204152562e+00,-3.001243334851130928e+00,3.016280197929288143e+00,-2.492000138320546121e+00,1.910443729461081819e-01,1.439022587367326522e-01
2.654792213255498368e+01,-2.431584241324495466e+01,2.176611871130759823e+00,1.932168879742322654e+00,-2.946095393178563615e+00,2.865593445458139321e+00,-2.982581304384773091e+00,1.992952393767507269e-01,1.480603080807864902e-01
2.596002621193864002e+01,-2.386209267164678849e+01,1.698871438669588452e+00,1.867368444086797696e+00,-3.331937345119414307e+00,3.333441323764898989e+00,-2.766335750394961490e+00,2.048637301547063250e-01,1.526161617089438205e-01
2.592523487298750240e+01,-2.366746794322627423e+01,1.960409689377423881e+00,1.767786039338568704e+00,-3.338377220889170438e+00,3.309793032123314660e+00,-2.780488009795891280e+00,1.846338508599171258e-01,1.353496086580600610e-01
2.754724382886109524e+01,-2.509442686441375159e+01,1.501596857190022893e+00,1.802543854169330828e+00,-3.309590906275202915e+00,3.352605525826583666e+00,-2.641916234293742782e+00,1.958211466975989523e-01,1.438156744428215617e-01
3.064846964878036317e+01,-2.768082393270490726e+01,1.722037124636671468e+00,1.773753391764815390e+00,-2.845637671686504167e+00,3.060095371463803726e+00,-2.492416134130418737e+00,1.903777300494847169e-01,1.373374940601337912e-01
2.907136469820158098e+01,-2.636679565227325739e+01,1.483801249164191871e+00,1.810802250134232905e+00,-3.040104106197401013e+00,3.178848734332565318e+00,-2.646371835616921686e+00,1.946333649350451556e-01,1.416637448041412339e-01
3.054747352783425995e+01,-2.755585928772111259e+01,1.746913766597754325e+00,1.581022925706855986e+00,-2.644999716560751057e+00,3.044448854670385618e+00,-1.960813349298039521e+00,1.804445089106519184e-01,1.315530876028557505e-01
2.579055622499375744e+01,-2.362365749528895975e+01,2.304238893631778140e+00,1.768813425955078955e+00,-2.998683732197223506e+00,2.602495672926175452e+00,-2.678402404222425925e+00,1.897782850775862062e-01,1.413806384524035897e-01
2.655554188690824446e+01,-2.431837459950327229e+01,1.448073855229320417e+00,1.824023912686464355e+00,-3.253303400262870237e+00,3.083097610408547684e+00,-2.726618067909167831e+00,1.918094549779483515e-01,1.420300032025555437e-01
2.816571221717692097e+01,-2.588273637302770069e+01,1.556665107961616279e+00,1.811076849940004063e+00,-2.979168154132295854e+00,3.144914989959618712e+00,-2.311635046338183841e+00,2.101916456654556731e-01,1.580913117010981916e-01
2.355439874393609756e+01,-2.169113278539019873e+01,2.336360179813039561e+00,1.820527538796487432e+00,-3.326748183141704285e+00,3.089188830843787148e+00,-2.983547943963526183e+00,1.860404689537413780e-01,1.380231334106922503e-01
2.546470779272587137e+01,-2.331153947954320316e+01,1.953229078072798330e+00,1.807340299089375435e+00,-3.367969979146695270e+00,3.404139649376662469e+00,-2.769276461335210548e+00,1.931400377517656641e-01,1.427750164642757891e-01
3.494897544491291086e+01,-3.141203293638610461e+01,1.543447365797135928e+00,1.881093424271639947e+00,-3.363136593161812016e+00,3.380634664519001742e+00,-2.842083188833666618e+00,2.010613410997180439e-01,1.435095287493580729e-01
2.647087831033553584e+01,-2.433819528977067748e+01,1.568984869872737775e+00,1.978200688346036795e+00,-3.490364938249251647e+00,3.407500653749209185e+00,-3.085579913540803521e+00,2.092998217060474120e-01,1.560016271957732903e-01
2.409860000035084937e+01,-2.213821692361235804e+01,1.911723862624273185e+00,1.881536026288187724e+00,-3.334839074208679310e+00,3.291598215618379175e+00,-3.012301942115167552e+00,1.969369678688030478e-01,1.456704100123700218e-01
2.513935123503983959e+01,-2.310003520676440303e+01,2.045208210732925025e+00,1.993153829423999657e+00,-3.480841103997812880e+00,3.035720558705434335e+00,-3.464550969166341421e+00,1.965878416971533205e-01,1.457026895407665945e-01
2.452481697058355437e+01,-2.234188088339202949e+01,1.931012544757242599e+00,1.751405583212102934e+00,-3.632471690376761764e+00,3.301100232579220251e+00,-2.929532649021622692e+00,1.777496186459874006e-01,1.285401482259755090e-01
3.233024022186712187e+01,-2.898653186025759609e+01,1.451382054815534728e+00,1.756765560143903615e+00,-3.491342498444008680e+00,3.411174305417503216e+00,-2.705706629335435043e+00,1.842736873442015200e-01,1.306628608188176999e-01
2.327983775164280900e+01,-2.134298108390386162e+01,1.635314286100299386e+00,1.659723409031948371e+00,-3.236167285854306463e+00,3.190981448983143398e+00,-2.523497300728422932e+00,1.774781197039500269e-01,1.314284266694135672e-01
2.867168125847782889e+01,-2.619451099347105227e+01,2.279009160972347736e+00,1.964168459323625715e+00,-3.424470620582041658e+00,2.883325117266596127e+00,-3.288045714662120478e+00,2.011398229597875231e-01,1.485501446511210966e-01
2.580815844329004349e+01,-2.377054029443170080e+01,1.943178015561935146e+00,1.917910510486294129e+00,-3.284900141006921181e+00,2.820198408228909326e+00,-3.299040713116738299e+00,1.901768148675341830e-01,1.426721701636318174e-01
3.234978779453611963e+01,-2.935725808938304127e+01,1.657463445357284293e+00,1.804121865385387879e+00,-3.212135209889314336e+00,3.279974712300197659e+00,-2.529568451435028287e+00,2.008548665271752687e-01,1.476214039976906645e-01
2.850686718918551321e+01,-2.610403965705862106e+01,1.621451784907084637e+00,1.875172455508500979e+00,-3.419736520685631831e+00,3.319207598136923565e+00,-2.809283779083692867e+00,2.012446279674312000e-01,1.495556230576421675e-01
2.624214664778420314e+01,-2.408302609041638931e+01,2.103518459697313325e+00,2.000244260959406439e+00,-3.448496892591669472e+00,3.284091428312008620e+00,-3.466010276485281150e+00,1.908856337163276351e-01,1.404691690419102856e-01
2.717432202968265287e+01,-2.495403798426048780e+01,1.861016279460559142e+00,1.642152798054953733e+00,-2.704162244622628553e+00,2.715559718647068355e+00,-2.263768441623320360e+00,1.822486982448545678e-01,1.380479504054090145e-01
2.575597334300154984e+01,-2.372126525263753649e+01,1.832177310571731832e+00,1.689557247028933951e+00,-2.388681188448734005e+00,2.822220477246430104e+00,-1.867316793183274370e+00,1.983205681981697888e-01,1.499077031276918048e-01
3.082273793829878272e+01,-2.807666981508619131e+01,2.157571712037988920e+00,1.758868273956023742e+00,-2.669855416532115111e+00,2.918648491199579809e+00,-2.312813026494660029e+00,1.945633505786035777e-01,1.441055964739376416e-01
2.814355385800367415e+01,-2.571159675571694336e+01,1.755084487873687982e+00,2.036403401915902744e+00,-3.617201718816906997e+00,3.399371737334263344e+00,-3.251557279499363684e+00,2.067130338380706867e-01,1.506898399731761706e-01
2.381378493948552943e+01,-2.193792400289861533e+01,1.793696355965263001e+00,1.982157747149554616e+00,-3.661777520294476673e+00,3.442238537214233229e+00,-3.334388507021452508e+00,1.948266397076053313e-01,1.431400795602863762e-01
2.963456409440132688e+01,-2.708427626486642126e+01,1.810440379543191813e+00,1.946787047818707483e+00,-3.171344184092868890e+00,3.244327295996727312e+00,-2.952495469198067823e+00,2.043617471709079647e-01,1.515646536895658425e-01
2.266015745737968246e+01,-2.091106859203333457e+01,2.108147751268150571e+00,1.740684272239098274e+00,-3.181982720628565353e+00,3.218076645058675744e+00,-2.574089684443710890e+00,1.905808547107499251e-01,1.435307273223342395e-01
