-2.180268984001979149e+01,-1.834856830045609399e+01,-1.460357982711491154e+01,-3.893926924238188203e+00,1.118899822828264834e-02
-2.971505328387742395e+01,-2.426104895775604220e+01,-1.377293819004777120e+01,-2.556824118021664649e+00,-9.890026790588314978e-03
-3.263752555493442742e+01,-2.646215385718391389e+01,-1.379778629039089211e+01,-2.792243387004511135e+00,-1.766625916831985471e-02
-3.034444133900638718e+01,-2.476158982897846528e+01,-1.338564500868012175e+01,-3.039508225711633926e+00,-4.125972894781746413e-03
-2.985105082563178414e+01,-2.432263826664406636e+01,-1.449946233266862983e+01,-4.167738038249867216e+00,-2.330081975123629578e-02
-3.662771201950908306e+01,-2.931452240074736793e+01,-1.315064615810472226e+01,-1.531935328175441535e+00,-4.523025355645525492e-02
-2.160951715166297760e+01,-1.823443449289872476e+01,-1.440694731423353758e+01,-3.809015880311805713e+00,-9.614661559348154640e-03
-2.252937227637309903e+01,-1.887832765472481711e+01,-1.507062049223920752e+01,-5.936640213941734245e+00,-7.545184957468460338e-03
-2.233280862481426965e+01,-1.875645807073949101e+01,-1.415852734244734101e+01,-4.635971277361854881e+00,1.087683854857130969e-02
-2.543292821120220992e+01,-2.085585647246960050e+01,-1.430752613163552844e+01,-6.623799035414290159e+00,7.907878025452738787e-04
-3.238819639776710346e+01,-2.604652759130323503e+01,-1.435827792112218404e+01,-4.933434369121894925e+00,-1.684217532465568518e-02
-3.409678170361041083e+01,-2.748646546770734744e+01,-1.375779135310137313e+01,-3.240917424958356552e+00,-5.067262122259848234e-02
-2.110391459587750518e+01,-1.758789312245944458e+01,-1.357795146726676805e+01,-7.475765357731771310e+00,-4.466799592264945190e-02
-3.167789521318612955e+01,-2.558881758061829004e+01,-1.402527373270709354e+01,-4.511821285809173965e+00,-3.846039256160513342e-02
-3.420799369947491897e+01,-2.761403328463160989e+01,-1.374189766808336799e+01,-2.756858767146761480e+00,-1.257314124043833019e-02
-3.295669623918622904e+01,-2.670207053992454149e+01,-1.479465076506419052e+01,-2.817748199479671811e+00,-2.311309353724069066e-02
-2.938941696610855558e+01,-2.394155107070632482e+01,-1.466912927938894384e+01,-4.164936680725445761e+00,-1.760183767630762314e-02
-2.904962090465808799e+01,-2.360530671514428747e+01,-1.421957731560775429e+01,-3.789001069696025681e+00,-3.313187848005740704e-02
-3.271318425010167630e+01,-2.645374817568798420e+01,-1.405147753781302278e+01,-3.949361730535525083e+00,-2.098534838182140871e-02
-3.407183563581324393e+01,-2.751503792880235011e+01,-1.489763324392689192e+01,-4.066284098083077225e+00,-2.631483720000055496e-02
-3.050066699208534260e+01,-2.469733467257509218e+01,-1.368315402394238056e+01,-3.932729063761390975e+00,-2.431264641022062509e-02
-2.915651799888270190e+01,-2.373744632789509623e+01,-1.415582704323697527e+01,-3.212952200276491865e+00,-3.275183679146208976e-02
-3.068836733119039195e+01,-2.479910119628330634e+01,-1.429953851623114502e+01,-3.137666947708261045e+00,-2.858051913601393143e-02
-3.314620558769334480e+01,-2.659535139813352345e+01,-1.388013720122003924e+01,-2.547278243514000895e+00,-4.743547922444669995e-02
-3.465730756434974325e+01,-2.773996728622004326e+01,-1.413669424523066986e+01,-3.889304475078797285e+00,-3.899489437433310834e-02
-3.119581347213553713e+01,-2.517514165642544910e+01,-1.438410595531675362e+01,-4.308612011544197706e+00,-3.815542990985584110e-02
-2.025822889999472309e+01,-1.698808291584534658e+01,-1.415789037274023343e+01,-3.982925810594624583e+00,1.867201387018160548e-03
-3.231696445517290783e+01,-2.600290991380363081e+01,-1.384404420641259570e+01,-2.326990507626476301e+00,-4.658933762424242314e-02
-2.973257141835083317e+01,-2.399123804023892959e+01,-1.346178917905605132e+01,-2.521512849130163048e+00,-3.058312298314015947e-03
-2.954019714775343530e+01,-2.388654340885018712e+01,-1.379054939922741596e+01,-3.213062627064895427e+00,-3.177767673548337335e-02
-2.916905160433289268e+01,-2.366974228546629178e+01,-1.408479211607444093e+01,-3.340654694301882444e+00,-9.266425606951140398e-03
-3.490638143080200706e+01,-2.798940816220497396e+01,-1.408196982094086458e+01,-3.555590753465486031e+00,-4.822682715630506600e-02
-2.931743178572424213e+01,-2.366343658432453623e+01,-1.496317922736061412e+01,-4.049256387056544781e+00,-2.352686456420615205e-02
-2.814015750297587459e+01,-2.297070377836467614e+01,-1.352367737541417902e+01,-4.284469567510903687e+00,-4.761483587878762545e-03
-2.090842342983394175e+01,-1.749501395451395780e+01,-1.451106776312496294e+01,-5.886080694622704890e+00,-9.441970290989861597e-03
-1.594518142885807421e+01,-1.342933188544043688e+01,-1.436470587923533593e+01,-3.670366150135974337e+00,-1.842669841872600009e-02
-3.101360747441770016e+01,-2.516280519304407548e+01,-1.427772916362065203e+01,-3.238303020579320624e+00,-1.791309861199374270e-02
-3.583299197797333591e+01,-2.879046722477934850e+01,-1.355965885417317907e+01,-2.550108634330649160e+00,-3.988399314186544253e-02
-3.185596563694909733e+01,-2.570008899761700860e+01,-1.298407388706875132e+01,-3.135075486026139835e+00,-1.203342672966146477e-02
-3.087383264203791455e+01,-2.488673775116351550e+01,-1.433479492926113608e+01,-2.657546423939356472e+00,-1.594652782255231993e-02
-3.215146795453767936e+01,-2.591311232740534720e+01,-1.343263348114570555e+01,-2.182871010220485353e+00,-3.353165766085045019e-02
-2.954572308643403744e+01,-2.390136319057913283e+01,-1.482257579242502743e+01,-3.736029716692089053e+00,-2.554554372870117274e-02
-2.847917072159798124e+01,-2.295997527796474458e+01,-1.490460895435254152e+01,-4.287490665407961643e+00,-3.578093431879662834e-02
-2.815944093286330840e+01,-2.289411578567210626e+01,-1.412705796943409808e+01,-3.430502339325173455e+00,-3.079190350975677046e-02
-2.645635206420409347e+01,-2.160296032619288908e+01,-1.454303687791848354e+01,-3.906982778700166303e+00,-1.070922712101117502e-02
-3.163528995621945938e+01,-2.536446788755276671e+01,-1.399625808842503538e+01,-2.891252302912449057e+00,-1.313038617738512305e-02
-2.266004689145649920e+01,-1.893665543486538994e+01,-1.466893890757351393e+01,-4.274952546509298124e+00,1.662007486645003876e-02
-3.005044772350057514e+01,-2.419010197795908113e+01,-1.451842923486497838e+01,-4.523947253649224010e+00,-3.647053466070650923e-02
-2.626521558659509026e+01,-2.145035636422231917e+01,-1.464741122210936375e+01,-6.049752877664396955e+00,-3.115901728852735544e-02
-1.777775123558623704e+01,-1.498275584370710156e+01,-1.488715976646560435e+01,-4.157502773578656274e+00,1.762448932175258651e-03
-2.190423615188515782e+01,-1.829535477234998808e+01,-1.441210900241364889e+01,-5.301889322922606951e+00,6.917376254168057514e-03
-3.001254384418863452e+01,-2.415363439784374577e+01,-1.441076365467283260e+01,-4.080321959574135349e+00,-1.070142739504989678e-02
-2.963032366743459534e+01,-2.390187800835170862e+01,-1.424481176602285437e+01,-3.953595868629040222e+00,-1.848073913793035067e-02
-2.819865306165967311e+01,-2.281448960603528775e+01,-1.441909084966456334e+01,-3.936077210594829623e+00,-9.139390531273768742e-03
-3.720054950817794293e+01,-2.959257402613662791e+01,-1.427175022857655939e+01,-3.643816397164601817e+00,-4.772479433734411886e-02
-3.527357460299803904e+01,-2.809169114566818948e+01,-1.426650430428194483e+01,-3.444706226372977742e+00,-4.750202640375681545e-02
-3.352541065944213017e+01,-2.689255049332453495e+01,-1.358523396439509412e+01,-3.766802851923220619e+00,-3.539349521453280523e-02
-2.694772324542389086e+01,-2.196382008949156628e+01,-1.374096756529061913e+01,-2.945560006843483958e+00,-3.473047657101980407e-04
-3.035731618423543665e+01,-2.447283182169153193e+01,-1.398588642286467731e+01,-3.616235753439604128e+00,-3.525424101152989376e-02
-3.550500231272278739e+01,-2.831293056130055774e+01,-1.444408569136379406e+01,-4.329009276800661610e+00,-4.463924226709379411e-02
-3.099008198882647847e+01,-2.492142894895361138e+01,-1.349050320202516673e+01,-3.227529944034153164e+00,-1.333882128385290890e-02
-2.282642760760688105e+01,-1.912104662780336284e+01,-1.385966423548965842e+01,-4.452384104235644458e+00,2.455335100093474984e-02
-1.736197610860611462e+01,-1.469607347601630032e+01,-1.455243438526515831e+01,-4.876436715578974734e+00,-1.090816163230329955e-02
-2.251954980129579553e+01,-1.873095263506723285e+01,-1.448360407540118544e+01,-5.275826863975708214e+00,-8.660625034485452609e-03
-2.014778266481641822e+01,-1.694098645807209991e+01,-1.435531978370870831e+01,-4.046662145225497831e+00,6.077570998038977004e-03
-2.900163779133553632e+01,-2.353032562566763275e+01,-1.447525642424911041e+01,-3.521594977684484817e+00,-2.056439165765577143e-02
-3.056157385491941980e+01,-2.476507256053729833e+01,-1.463831803925096331e+01,-4.110078024536988117e+00,-1.839587439815301706e-02
-2.250850608123979413e+01,-1.877647840574460858e+01,-1.413291318008856301e+01,-4.861895841455199374e+00,1.454458162513868301e-02
-2.988168352710223274e+01,-2.418474507962571707e+01,-1.417663437064509679e+01,-5.497570487722818200e+00,9.473891364591603345e-03
-3.294267356262037794e+01,-2.638696339008733460e+01,-1.391892673318680806e+01,-3.712376676618120985e+00,-3.226087885203655914e-02
-3.214166329722750959e+01,-2.592066946055005161e+01,-1.391004441542854053e+01,-4.097519031860966443e+00,-4.323600999393645977e-02
-2.331790109596008165e+01,-1.943283517912209390e+01,-1.476235102893764051e+01,-5.284134587128838767e+00,-4.389840296231593830e-03
-3.274112181570598779e+01,-2.629740536966456332e+01,-1.420518716713716856e+01,-5.097439874468011389e+00,-1.755049446705667093e-02
-3.130713557256408208e+01,-2.525780522229004887e+01,-1.414922597521795566e+01,-3.668724471262181819e+00,-1.226770184399810122e-02
-3.384229991658552450e+01,-2.712788601858292381e+01,-1.365227489922591353e+01,-2.956321889194945651e+00,-4.530045141162631489e-02
-2.263454955380412414e+01,-1.893372802538626232e+01,-1.502631868141097904e+01,-5.824135607351498933e+00,2.017382666981175354e-02
-2.357297931701360127e+01,-1.968959365194599442e+01,-1.481825172003052948e+01,-6.188361153628339828e+00,-2.479240878242031099e-02
-3.316746502776914696e+01,-2.662458838940064254e+01,-1.365532405269897431e+01,-4.367632070439801950e+00,-4.271544792839911120e-02
-3.260073599930275634e+01,-2.621915912214677391e+01,-1.477644268363930280e+01,-5.314103230893865160e+00,-2.191009596355403266e-02
-3.151022297947721640e+01,-2.538879293225871336e+01,-1.384121124533905700e+01,-5.852240601302021616e+00,-2.336932490889921318e-02
-3.064400340914395571e+01,-2.478648340302244435e+01,-1.447125745035594235e+01,-5.469935236698418635e+00,-3.539567302090394774e-02
-3.295193532992344387e+01,-2.648977386738260265e+01,-1.413131668847631062e+01,-4.456750991632887349e+00,-4.790982907823213705e-02
-3.195215542422450383e+01,-2.562333816684622079e+01,-1.497231146782824318e+01,-5.898007259491853560e+00,-2.064980413021651889e-02
-3.095672399260760344e+01,-2.498382577975469943e+01,-1.303689352931873024e+01,-3.770827514981187178e+00,-9.283524176736076758e-03
-3.086928024809106219e+01,-2.486555723346442193e+01,-1.452657532200733748e+01,-5.313743659160227395e+00,-3.481916061580324351e-02
-2.249008427242996078e+01,-1.879997805195695904e+01,-1.522148560150879781e+01,-5.073127716271041976e+00,9.137349462102756573e-03
-2.912682731801558944e+01,-2.366202329246773317e+01,-1.459752824972512641e+01,-5.094922830011955561e+00,-1.488568707100761113e-02
-3.418139253091766250e+01,-2.737411738529895544e+01,-1.422353192040653269e+01,-4.413472255894317797e+00,-4.946926994952445533e-02
-2.119191153916639792e+01,-1.775900116586292299e+01,-1.497173685656592923e+01,-6.308707418275679046e+00,1.402958719770661111e-02
-3.277386057931221330e+01,-2.642020396186142506e+01,-1.451541933513854232e+01,-5.675986263695237177e+00,-7.395389521328969186e-03
-3.710628818359409564e+01,-2.968193531709841082e+01,-1.455732075551350135e+01,-3.355696609314437140e+00,-5.211534553927020530e-02
-2.832458317114461011e+01,-2.304774174930375352e+01,-1.403240315307176189e+01,-3.200775406466019213e+00,7.413692498495224421e-04
-2.857314906171404445e+01,-2.318165854776805190e+01,-1.395358627067507662e+01,-4.169918008006642474e+00,1.513474544073057336e-02
-2.844950844120835853e+01,-2.312886365363998564e+01,-1.348083994131315499e+01,-3.361582279161082543e+00,-7.741544811446066966e-03
-2.876212316177347716e+01,-2.328784289582804590e+01,-1.352860708271169621e+01,-2.202374950648736451e+00,-1.289061654076700640e-02
-2.899869353767512337e+01,-2.348683921368486693e+01,-1.446956526369487150e+01,-5.067472903077454127e+00,-4.628466274413443882e-02
-3.199530396170403890e+01,-2.571522236684437601e+01,-1.410005265861224366e+01,-4.583417584028024017e+00,-4.455042511577426284e-02
-2.960176552544455930e+01,-2.391842284508506111e+01,-1.394441235248488908e+01,-3.405618448691515976e+00,-4.949034366370462512e-02
-2.805801360849964254e+01,-2.282658860475497065e+01,-1.382062206208817123e+01,-3.398711572260660230e+00,-3.989340414037032684e-02
-2.060568468880153858e+01,-1.734425288117697406e+01,-1.471119823332484522e+01,-5.028399270085071038e+00,-1.506284108069022576e-02
-2.077032975581476038e+01,-1.741640239531952616e+01,-1.477987166316523648e+01,-5.905231623527271267e+00,1.101319851646415625e-02
-2.928038235800104161e+01,-2.372366959165120903e+01,-1.457650614988112103e+01,-3.806852911171260789e+00,-3.229849693895198853e-02
-2.299308538808194768e+01,-1.890454867130680938e+01,-1.421776803962014490e+01,-5.081616580749094503e+00,-2.804814376483887386e-02
-3.045105299945178245e+01,-2.462353275029614252e+01,-1.433712235245589106e+01,-3.156026167839252494e+00,-1.593214863130298226e-02
-2.801314959471502419e+01,-2.271885516873029687e+01,-1.375714836569973620e+01,-3.648867183033135397e+00,-7.060828903766092242e-03
-1.473887883421437373e+01,-1.243056008689109682e+01,-1.410856757723768595e+01,-5.900788048263513552e+00,-1.882530543293672518e-02
-1.687710112457575207e+01,-1.424872582827366507e+01,-1.404742340620280672e+01,-5.509582938748144976e+00,9.904998292380281372e-03
-1.843290965525900305e+01,-1.556827094261132949e+01,-1.414152278327774148e+01,-3.349983260144955288e+00,1.019098717970431250e-02
-2.992659190730425678e+01,-2.447380122660753088e+01,-1.476124783040910593e+01,-2.962285533839401186e+00,-1.260514616969119449e-02
-3.112526385732768830e+01,-2.534518506023186646e+01,-1.403865054501783582e+01,-3.371764401733909455e+00,-1.132148310078363081e-03
-3.266487566741844262e+01,-2.633348859360789618e+01,-1.399643205754163944e+01,-3.831108133836667040e+00,-3.045790713580440873e-02
-3.350467903783247436e+01,-2.700878529793768124e+01,-1.438758225295177340e+01,-4.176379727595662672e+00,-4.606715187685993945e-02
-3.258833281983497443e+01,-2.635072065734124180e+01,-1.374227500170631266e+01,-4.252113587203300682e+00,-2.900592179349057928e-02
-3.263093825961861683e+01,-2.651348917743180422e+01,-1.396845150605603258e+01,-2.701749311758514516e+00,-1.541981365131185264e-02
-2.113555311363750278e+01,-1.740463728533120147e+01,-1.420824766246346726e+01,-3.902611581515555539e+00,-2.055707821505361500e-03
-2.288402194935152423e+01,-1.885323741951602017e+01,-1.378763661166471799e+01,-4.074324176766429773e+00,-9.105451660166078570e-03
-2.268686974692561620e+01,-1.902692465199303484e+01,-1.401076240314666954e+01,-3.750964551829012450e+00,1.951862167331138570e-02
-2.584572477783738265e+01,-2.116222177494115186e+01,-1.413410049169760896e+01,-5.518792021675067438e+00,1.095813991495911237e-02
-2.045715983284170036e+01,-1.717299342496455949e+01,-1.493574062920477452e+01,-4.539722941624353858e+00,2.055793878563583893e-02
-2.138113935585339931e+01,-1.789093800143137258e+01,-1.459441936727147215e+01,-5.456759582703096356e+00,-4.516789222912591384e-03
-3.337270705298848128e+01,-2.677611009919853657e+01,-1.344244198220852482e+01,-2.910186602617141016e+00,-4.440604940643073234e-02
-2.731673783730452598e+01,-2.222918275466143712e+01,-1.461507296074207396e+01,-4.707664080643184867e+00,-2.113411325518592399e-02
-2.294379525470453629e+01,-1.868732604278274678e+01,-1.541127194599850192e+01,-3.989697111950746500e+00,-2.075953892640221288e-02
-2.991426293515416646e+01,-2.421837473021484399e+01,-1.457596074811744913e+01,-3.386310237418346691e+00,-1.723460001886465559e-02
-3.070241098008566283e+01,-2.480776786758881514e+01,-1.384023590384660807e+01,-3.096141250652988397e+00,-8.426917431035896994e-03
-3.428674480730624197e+01,-2.756493800844646813e+01,-1.349118911299893675e+01,-3.325156960949473550e+00,-4.734879060832897224e-02
-3.131984142556663642e+01,-2.514889028476974175e+01,-1.361058553916665304e+01,-3.254867084778967801e+00,-4.502649819083982818e-02
-2.866361927148835065e+01,-2.311217418899412124e+01,-1.405848665461304314e+01,-5.529816924049240079e+00,-2.767600511442470240e-02
-1.893542843231412576e+01,-1.576391405332037010e+01,-1.487297845444013511e+01,-7.064079643249106866e+00,3.813076836181456854e-03
-2.787440181278961759e+01,-2.260452788713664063e+01,-1.451256784162902314e+01,-4.552545919181555156e+00,-2.398654738906934661e-02
-1.961484215500137296e+01,-1.656784578058756097e+01,-1.380064166659932212e+01,-5.105761318822847450e+00,2.221379192055823390e-02
-2.865173935759462864e+01,-2.317326165439563468e+01,-1.417233783929300550e+01,-3.898500074537845972e+00,-1.775754663683741172e-02
-3.047869816476262628e+01,-2.462670983881098508e+01,-1.372153171951847028e+01,-4.159764078986458280e+00,-2.251493917038107154e-02
-3.116219943921430158e+01,-2.513067856362375352e+01,-1.408085512783687321e+01,-4.435299563977642023e+00,-5.032502861930539945e-02
-2.308007842637319129e+01,-1.926695672789093194e+01,-1.437293406226980430e+01,-6.450562909262597344e+00,-2.482768698072976288e-02
-2.218743454610619281e+01,-1.843407809210221515e+01,-1.394619772862470874e+01,-7.131501322812062504e+00,-4.071332525740137265e-02
-3.041835183573402546e+01,-2.467624536545342195e+01,-1.392398495017631532e+01,-4.270085100530541133e+00,-1.173684651966941037e-02
-2.087054984562497140e+01,-1.731740881402375010e+01,-1.402209091182974987e+01,-5.168810566074497181e+00,-5.208004967991420459e-02
-2.918853405876329177e+01,-2.368882450114021410e+01,-1.447205324510603397e+01,-4.297405644570111427e+00,-1.028218137023232358e-02
-3.213636476396269614e+01,-2.593633230024080305e+01,-1.317579165685101117e+01,-2.853059658191236636e+00,-2.182901158969158609e-02
-2.004700470773768828e+01,-1.692725833334390373e+01,-1.411713626023902712e+01,-3.588449717861499355e+00,1.885945205775953551e-02
-2.069660225749342786e+01,-1.741185995927950714e+01,-1.394302777112802616e+01,-5.270108088069902053e+00,-2.030853988948025466e-03
-3.060875746475624837e+01,-2.477808232793744736e+01,-1.317168446684121896e+01,-2.811744538576729902e+00,-1.143879343497511067e-02
-3.077833468257415461e+01,-2.495053234949241272e+01,-1.395331579236501085e+01,-2.675085484443298967e+00,-2.063033934934571309e-02
-3.049554819470277067e+01,-2.465510034821693708e+01,-1.363900687378391652e+01,-2.404523050440798837e+00,-3.602764459328093583e-02
-2.817402760623476610e+01,-2.286626581273727510e+01,-1.291577743028128289e+01,-3.234692577126092150e+00,5.878952089848760165e-03
-3.449215001814014414e+01,-2.763680457177272487e+01,-1.267307338062893507e+01,-2.202722676639782051e+00,-2.417985511492557610e-02
-2.381103967201541849e+01,-1.957035333794729581e+01,-1.223429143083597559e+01,-4.115120982924330484e+00,2.405801653354692690e-02
-2.745794697923978234e+01,-2.229339936864234062e+01,-1.388105784403794729e+01,-3.719198979071383082e+00,-9.522805489430376941e-03
-1.823268104594023953e+01,-1.539194479472971899e+01,-1.526552471213626738e+01,-4.800023449798635156e+00,1.291377261880090766e-03
-2.747709252848235550e+01,-2.229040620436331466e+01,-1.492064545565763467e+01,-3.319374842135187631e+00,-2.388497154622176363e-02
-2.476213081918328029e+01,-2.036432769007444676e+01,-1.448083383704326899e+01,-3.709181246112223107e+00,-2.137299738664436358e-02
-2.734720859632914269e+01,-2.228233248045847859e+01,-1.415047387144786306e+01,-6.191306585499785520e+00,-4.198092094386125100e-02
-2.535390285796210108e+01,-2.071250388869520975e+01,-1.418841283228739591e+01,-4.379161692212276691e+00,-1.634479674751542974e-02
-2.203057621884262218e+01,-1.843540068115937203e+01,-1.401168043215247572e+01,-4.975116160668111576e+00,9.830600587006219776e-03
-3.020798320254241887e+01,-2.445946961406285425e+01,-1.359628058800783812e+01,-3.777791653090540436e+00,-8.963345469438216548e-04
-3.235885270008930092e+01,-2.605946672363411665e+01,-1.376607775067708062e+01,-2.872937150945069629e+00,-3.453856539862140002e-02
-2.179935449347207665e+01,-1.814515954796239328e+01,-1.326273795054011373e+01,-3.849312734003394798e+00,-7.833869096362170228e-03
-3.480194584359034593e+01,-2.789022394698933383e+01,-1.459951308225325661e+01,-3.996711167444067847e+00,-2.852352960353202529e-02
-2.967973244541081357e+01,-2.406204490991652989e+01,-1.421092753814196641e+01,-4.269662944390231196e+00,-1.895104056179741246e-04
-2.880085477330912624e+01,-2.341546964915503892e+01,-1.455146205590709307e+01,-6.300440272553290200e+00,-3.284088096792314726e-02
-3.123442276484711755e+01,-2.525185967472219417e+01,-1.472525295411372959e+01,-5.180529879364780044e+00,-3.745753109340805437e-02
-2.911251368729111988e+01,-2.341643143842136965e+01,-1.514129158304671918e+01,-6.346062607676143941e+00,-2.438182637407408648e-02
-2.977714278202806852e+01,-2.414126285764873359e+01,-1.504314391017310015e+01,-5.726928066899152903e+00,-3.945454599251734321e-03
-2.993482046241118866e+01,-2.426490539488814591e+01,-1.419057972769627796e+01,-5.585341898517286019e+00,-5.371967022844586527e-03
-3.327869035387950447e+01,-2.674775792547306708e+01,-1.437295063545229823e+01,-4.170465870915072593e+00,-4.576203397715444821e-02
-2.832070585856572009e+01,-2.296340935600597888e+01,-1.422228922156902797e+01,-5.126533995533530508e+00,-3.772475880304258095e-02
-3.180793708994314883e+01,-2.560296390811087619e+01,-1.456801014718140763e+01,-3.986886235780635168e+00,-2.310239443175500160e-02
-3.111891140669333566e+01,-2.523427012662567748e+01,-1.370631823450673004e+01,-4.450291743012745549e+00,-1.339678534727774435e-02
-2.759659260663629254e+01,-2.249389196130334057e+01,-1.447120837580105679e+01,-5.355282246956354797e+00,-2.672964878036625941e-03
-2.702722610756641330e+01,-2.207926299659902369e+01,-1.402057909394715374e+01,-4.854635931804382132e+00,-1.051899857268842955e-02
-3.193796374987596920e+01,-2.565463824768161061e+01,-1.367813818845153051e+01,-3.909013997165221355e+00,-2.113496003913073809e-02
-2.807580991682255345e+01,-2.269700411207124446e+01,-1.377054222410884066e+01,-3.691179707800825494e+00,-2.049362358656980562e-02
-2.606583584298302370e+01,-2.136712907271903816e+01,-1.439198932033324496e+01,-6.084192976924843954e+00,-3.801377284633655068e-02
-2.949599148577137342e+01,-2.388291000362733030e+01,-1.370263337799800674e+01,-3.811673315577340571e+00,-2.363318208822340338e-02
-3.028173428609512996e+01,-2.445704274467462014e+01,-1.445848751830299861e+01,-5.522510300368064229e+00,-4.520191288970222543e-02
-3.300818600602879371e+01,-2.650196633442385163e+01,-1.396342930263203108e+01,-3.764542060935817780e+00,-7.710006926670535596e-03
-3.011441190571934001e+01,-2.435814027598366138e+01,-1.444879142295007490e+01,-4.472028671273564626e+00,-1.650916734211027581e-02
-2.742535232827073344e+01,-2.240525353388071750e+01,-1.429663700294090845e+01,-5.134404102069701992e+00,-2.530402028170098891e-02
-3.031581039577464054e+01,-2.457624512686678742e+01,-1.389702373748085584e+01,-4.170113058638379222e+00,-8.977055348710271873e-03
-3.381124585871447152e+01,-2.718268666335363548e+01,-1.436576817861265276e+01,-3.684340387038785192e+00,-4.058508307778909557e-02
-2.113010274435676905e+01,-1.773194374950497476e+01,-1.348750418014749108e+01,-4.715411172523839234e+00,8.402704181870940606e-03
-2.863388414919130298e+01,-2.319304654147953926e+01,-1.397753580548235952e+01,-4.509088824590187450e+00,-3.262793830470978734e-02
-2.871251945342746836e+01,-2.337744087057633635e+01,-1.307880878018166015e+01,-4.110697205765501572e+00,-4.183712164656011503e-04
-2.720852376177524690e+01,-2.227498805081114597e+01,-1.427339888718802641e+01,-5.119797832261540727e+00,5.624575828635178416e-03
-3.338908314767238750e+01,-2.685847002263951211e+01,-1.474560782466457454e+01,-4.002812543691311120e+00,-4.400326844903689610e-02
-2.768449627539672520e+01,-2.259507994525636576e+01,-1.425399769801296657e+01,-4.312201020499758286e+00,-1.551297340744952659e-02
-3.064966414559826191e+01,-2.478720594832892488e+01,-1.470717302484254496e+01,-4.662496633356197684e+00,-7.515986354646736131e-03
-2.244748819894524061e+01,-1.877625761099807988e+01,-1.371869405494450334e+01,-4.123313431406770313e+00,7.690165814550792810e-03
-3.000319174078335394e+01,-2.420153311749815472e+01,-1.384855205836994152e+01,-3.103363780158879148e+00,-3.162150681283118492e-02
-3.340877632248398754e+01,-2.676617968887269328e+01,-1.432555095082616248e+01,-4.007385565507032510e+00,-7.548739038902543136e-03
-2.976667298228387892e+01,-2.420455783850462339e+01,-1.415877909649437250e+01,-5.987610973384358992e+00,-4.359518910136539471e-02
-3.083254736800646612e+01,-2.493029063388909350e+01,-1.419005788704337157e+01,-4.942614687666913476e+00,-4.622306236207802954e-02
-3.414417530818999325e+01,-2.735069895233425541e+01,-1.342934125197879425e+01,-2.956206089143345483e+00,-2.138368057877681333e-02
-2.572708086880241396e+01,-2.092437235039619736e+01,-1.462589561072614330e+01,-7.339953371078248523e+00,-4.224407709988263482e-02
-2.345759368818759327e+01,-1.957768383183499949e+01,-1.466269200271287687e+01,-4.050456439011177245e+00,2.757802096165607331e-03
-2.890041450251670696e+01,-2.347337709748872570e+01,-1.453717685466056508e+01,-3.832778609366386924e+00,-1.620977969543406852e-02
-2.646430199384977300e+01,-2.159271168050235090e+01,-1.441563985099092804e+01,-5.909923168388907300e+00,-4.629754881415379386e-02
-3.076471444321136772e+01,-2.485920275088294318e+01,-1.424927406967814036e+01,-3.830669737699299304e+00,-4.623102466520401937e-02
-2.887783511949792370e+01,-2.339716166830985244e+01,-1.474391131844976854e+01,-4.981166302465241280e+00,-4.384710984299772935e-02
-2.464377527884289520e+01,-2.020677313498707406e+01,-1.443875343660945632e+01,-6.563267025442493185e+00,-3.223100556987283649e-02
-2.596065664994978306e+01,-2.116842270897982203e+01,-1.424194795591728990e+01,-6.489685261877217393e+00,-3.875581734121237576e-02
-2.674999612713234143e+01,-2.180643964315546057e+01,-1.458770010998096822e+01,-5.755704825661995372e+00,-3.349080453660372575e-02
-3.411748892915007758e+01,-2.732514311876784419e+01,-1.419190306309262617e+01,-4.391232856891448044e+00,-4.315076057240196938e-02
-2.945575381067744303e+01,-2.386465630406033966e+01,-1.413051856846666787e+01,-5.507231653695210838e+00,-3.698887684353818501e-03
-2.418769321442262665e+01,-1.978493387042140839e+01,-1.549514597876090072e+01,-7.679254185413388001e+00,-1.966660396296613864e-02
-2.083156601378182060e+01,-1.734193388572773742e+01,-1.423091211584575433e+01,-7.657685751236511962e+00,-4.347309820197833852e-02
-2.126788191244342130e+01,-1.788581651794538629e+01,-1.505251302230410104e+01,-5.253695072702726065e+00,1.150178531613047601e-03
-3.463552670216722618e+01,-2.771706025887351998e+01,-1.534805936269065718e+01,-4.522886481911175593e+00,-4.475354112201540557e-02
-2.392151320333499243e+01,-1.964593192972060720e+01,-1.500503059401317252e+01,-6.525296357235458977e+00,1.556101141863183886e-02
-2.952725084793280175e+01,-2.386228915000034334e+01,-1.454395336013112860e+01,-3.949522493693056635e+00,-2.121246840485732990e-02
-3.020562321975316067e+01,-2.434109494548351549e+01,-1.492188409173667374e+01,-5.492976111161644859e+00,-4.212987430202242561e-02
-1.796688032453059591e+01,-1.505868461199920461e+01,-1.491833339613128651e+01,-6.144373929446133253e+00,1.400388921994582571e-02
-2.756742928432399253e+01,-2.243497315522078495e+01,-1.448965774672248763e+01,-5.572852642865233186e+00,-9.544020371695400434e-03
-2.528211474874172282e+01,-2.071229900846572747e+01,-1.412745545289025628e+01,-6.809414046159700362e+00,-4.675626031265039256e-02
-2.964212159783455647e+01,-2.392806795849691426e+01,-1.460541461318130629e+01,-3.754537525576216783e+00,-9.836588766100830619e-03
-2.570402763874755436e+01,-2.104453860240393226e+01,-1.367284096170235053e+01,-4.661372426317521800e+00,1.871272189932104632e-02
-1.950894079496422862e+01,-1.650305930991918757e+01,-1.303875840272575104e+01,-4.425580707883635334e+00,1.972714822994832765e-02
-2.698186188281739106e+01,-2.207960815730457682e+01,-1.342792895074239823e+01,-4.802025462277690337e+00,-2.665209455800113952e-02
-2.777440745670844535e+01,-2.273327008897285140e+01,-1.397757424768673395e+01,-4.172585062234185571e+00,-1.035399924871348125e-02
-3.136118452970224624e+01,-2.524422275595587450e+01,-1.388968580096222460e+01,-3.499130350570057058e+00,-4.376820068292035931e-02
-1.849016520865474078e+01,-1.567380572704782971e+01,-1.396473644104104039e+01,-3.431050678315394453e+00,1.641606409546206638e-02
-2.398769858231099050e+01,-2.004215371279557800e+01,-1.388118396883140981e+01,-3.951586676764008654e+00,1.052002624246115708e-02
-2.850029806261957077e+01,-2.318370393854611322e+01,-1.434574621168331632e+01,-3.321844095474376868e+00,-1.674628313716816641e-02
-2.253561334607453404e+01,-1.885582455996603457e+01,-1.487690730112883486e+01,-3.618026908674506270e+00,1.047982909388649013e-02
-2.561865513912053771e+01,-2.098075735743523396e+01,-1.478931355531516267e+01,-4.431922080166626365e+00,-9.444524467461477011e-04
-3.351374967123211235e+01,-2.684778270381920606e+01,-1.263715957148298941e+01,-2.478487664920426603e+00,-4.136366979347658873e-02
-2.852863613706699297e+01,-2.315270151377110608e+01,-1.423692259742606403e+01,-3.455658842298317435e+00,6.943157702636222790e-03
-1.643511944246253975e+01,-1.385428312430267539e+01,-1.401796819349845080e+01,-4.772644132161061314e+00,7.610768018798569866e-03
-1.919485293181974228e+01,-1.614593953956608630e+01,-1.452851389459521414e+01,-6.756327575116379158e+00,1.112518766221275678e-02
-2.878871364526888854e+01,-2.326714441131104394e+01,-1.294682446479738402e+01,-4.204839148119797088e+00,-7.061143810421263711e-03
-3.029649375725468730e+01,-2.441386954839487800e+01,-1.378075823323910321e+01,-2.522499080002516880e+00,-3.505482674725101527e-02
-3.146622124545772436e+01,-2.534496160551543653e+01,-1.415012168293127814e+01,-5.725394232789322579e+00,-4.534023812035659767e-02
-3.090415315095466298e+01,-2.492774165469977277e+01,-1.379216436180018768e+01,-3.712564513802016020e+00,-1.007347428764700063e-02
-3.380310785774002369e+01,-2.714713028697095609e+01,-1.320774163182108119e+01,-3.138230695831635053e+00,-4.601806329212355245e-02
-3.102190600519132957e+01,-2.508655144837926443e+01,-1.458121876394358551e+01,-6.579300807724353994e+00,-2.108779617828517375e-02
-3.106254994159463934e+01,-2.515423486486755067e+01,-1.421144657489269392e+01,-4.710478474062634646e+00,-4.195571965882308879e-02
-2.655117257343073689e+01,-2.169325312679518447e+01,-1.534924472538127560e+01,-4.925214454935081143e+00,-3.145783802269183638e-02
-2.855661584636638040e+01,-2.307623523105549523e+01,-1.482581827327931911e+01,-5.077625661797299905e+00,-2.298693703910974565e-02
-3.212648379748472394e+01,-2.576953539320113507e+01,-1.426880726974276570e+01,-3.181529017992013042e+00,-3.132322887487293261e-02
-2.122261178900495437e+01,-1.774694581327483078e+01,-1.468867040237091715e+01,-4.918044332637190763e+00,1.056066388854201912e-02
-3.166173162778923000e+01,-2.548644253113809555e+01,-1.377903555791644763e+01,-3.152507137649448676e+00,-2.062656833596242592e-02
-2.968407938001626079e+01,-2.407716543671925535e+01,-1.344191865173411493e+01,-3.847726834142157326e+00,-1.416528410847865856e-02
-3.115868243781434188e+01,-2.518111273483664547e+01,-1.381599754845383465e+01,-3.208564667239442780e+00,-3.566775717606192331e-02
-3.065393534706032597e+01,-2.480386363664651128e+01,-1.364350102368271145e+01,-2.914219956203901951e+00,-1.778807715481831378e-02
-3.084638474291038079e+01,-2.494299335335641743e+01,-1.333166320418332873e+01,-2.407615849012762155e+00,-1.630719938528625221e-02
-2.374399592683797167e+01,-1.950601418851278979e+01,-1.403729844716374942e+01,-3.985839475856556735e+00,7.787355276755664538e-03
-2.850955580954222057e+01,-2.313232561453846614e+01,-1.487795621861777917e+01,-3.255685182438697645e+00,-7.512314886500612472e-03
-3.035582848259810618e+01,-2.454639819188700400e+01,-1.426816251792030599e+01,-3.531947159608972875e+00,-5.016653596956285877e-02
-2.927373672688810657e+01,-2.376016162407606913e+01,-1.340113232060509141e+01,-2.808113298532159074e+00,5.214349997794604820e-03
-2.884536380670384048e+01,-2.347499185425558466e+01,-1.432826826071520543e+01,-3.622556290728141448e+00,-2.360549338131700051e-02
-1.990320316612344342e+01,-1.656830782655981693e+01,-1.124493285460010483e+01,-4.486336117453908479e+00,9.922485745120694298e-03
-2.293521571243161361e+01,-1.920339492208032084e+01,-1.446226377413191777e+01,-4.041940122233689259e+00,2.045043462821089300e-02
-2.931908472288708367e+01,-2.371980921118250762e+01,-1.294634909421755431e+01,-3.085358471442830819e+00,-3.124245393049823911e-03
-2.818037864636322709e+01,-2.281904550742807203e+01,-1.434180630940910817e+01,-3.913720894314668630e+00,-1.510821253731344481e-02
-2.993052814739840883e+01,-2.419129716927664120e+01,-1.233786069260751539e+01,-3.585792656756783714e+00,-3.706163818818546118e-02
-3.173789677616790073e+01,-2.550484913528719133e+01,-1.364674239428596891e+01,-3.389178648653986325e+00,-2.319578260938245928e-02
-3.054275156126499624e+01,-2.467983905300226510e+01,-1.310003213996169436e+01,-3.778585747558572017e+00,-2.060583237445082899e-02
-2.767315741580222266e+01,-2.253176153751660493e+01,-1.399109576252283915e+01,-4.680595578190462014e+00,6.493161512070400737e-03
-3.166537619824829619e+01,-2.544678258259900971e+01,-1.392371153910297110e+01,-3.634668395006825925e+00,-3.867280866431666020e-02
-3.238037508209888671e+01,-2.595892615434797435e+01,-1.383273454591769003e+01,-4.275232606688774695e+00,-4.060450084534564935e-02
-2.840376793626167640e+01,-2.312221962599802083e+01,-1.439920132293775623e+01,-3.792471149689112586e+00,-4.262118881337146475e-02
-2.866337694001091307e+01,-2.312447860740547156e+01,-1.448022144863515237e+01,-3.367435782833521518e+00,-3.227660703567016010e-02
-3.247388783779202015e+01,-2.594746162901174458e+01,-1.428164491759482502e+01,-3.439624720580998662e+00,-3.472025123486242176e-02
-2.721823575663517403e+01,-2.224933037567689453e+01,-1.389726723114555007e+01,-3.856932247849992557e+00,-5.610669539521135653e-03
-2.093425977218346290e+01,-1.752581735345571445e+01,-1.344400510258114068e+01,-4.254155745594562887e+00,9.255028712835001309e-03
-2.109505920481837293e+01,-1.766009808581105034e+01,-1.338740868262480710e+01,-6.011056492864812029e+00,1.392713810219042142e-02
-2.960752121202731146e+01,-2.394772582710946196e+01,-1.358843686300792264e+01,-3.792014363544802258e+00,-4.789840503370773606e-02
-2.994670691264303741e+01,-2.423668175613660125e+01,-1.353454819287548183e+01,-3.195884375205170436e+00,-4.022101900709153938e-02
-3.237546994968875680e+01,-2.612145715688544101e+01,-1.375340788087297916e+01,-3.826995382623277653e+00,-3.345255209200851537e-02
-2.938818602560060000e+01,-2.373775780202625896e+01,-1.441288311804712308e+01,-4.316174972301721091e+00,-3.424093891805915502e-02
-2.977917050966700074e+01,-2.391939272066117894e+01,-1.439360765366648387e+01,-3.727636796887490167e+00,-4.204861863670811967e-02
-2.870103937704081787e+01,-2.325397766963686408e+01,-1.410169417231494116e+01,-2.774541578126589858e+00,-3.071418264424162145e-02
-2.975754365400720758e+01,-2.399265182967779353e+01,-1.411032219400902932e+01,-3.574945055776984848e+00,-2.609879835214183597e-02
-3.311494805958284360e+01,-2.659501294689533424e+01,-1.281355344712653732e+01,-2.962728881175536344e+00,-3.529305944353686858e-02
-3.160769199058271894e+01,-2.545685600449165520e+01,-1.380065634459669255e+01,-3.080537388948290989e+00,-3.376467257095295410e-02
-2.346587227792840125e+01,-1.910971492935962246e+01,-1.387015537478478500e+01,-5.173388733175579013e+00,9.962236832391838364e-04
-3.071705166006243815e+01,-2.476265971260515641e+01,-1.234573982754898758e+01,-3.592167017671658691e+00,-3.220352178385736674e-02
-2.888410449748819886e+01,-2.339453223592324704e+01,-1.435067190044905061e+01,-3.755971339098068906e+00,-2.643606353778961762e-02
-2.838987951558900846e+01,-2.291101893918921917e+01,-1.418855478574566575e+01,-3.874254643343368887e+00,-2.594428406419259370e-02
-2.768632850131812617e+01,-2.243532270919524763e+01,-1.429570737530059965e+01,-4.365679970518546504e+00,-3.341890769827005059e-02
-2.746514061839442178e+01,-2.234798123321141716e+01,-1.462613193316709648e+01,-3.378367146883819672e+00,-1.558387615278205782e-02
-3.078700544736680200e+01,-2.471357217005166618e+01,-1.407610514558892412e+01,-4.061141376140363413e+00,-1.076623147068878246e-02
-2.883280534302096143e+01,-2.343220363737054157e+01,-1.446706365585935927e+01,-3.389338220262675616e+00,1.121762697219308262e-02
-2.825889420648389461e+01,-2.296362568955487760e+01,-1.436740151450994318e+01,-3.217759930521113976e+00,-2.633525288972521014e-02
-3.017149129456362644e+01,-2.437832893905336107e+01,-1.375007665969340209e+01,-3.408805207238435830e+00,-3.200135233857290956e-02
-3.164279192395295937e+01,-2.533528029720707053e+01,-1.426526994763314349e+01,-3.571665063516080707e+00,-4.836630662533750180e-02
-3.021024749237953344e+01,-2.437338831919948845e+01,-1.436702208051718621e+01,-3.290444677288101527e+00,-2.337683304335659573e-02
-2.864450383493889518e+01,-2.316218506413249045e+01,-1.400997291139497847e+01,-3.351119135548285666e+00,-1.783403849520152559e-02
-2.885028108522321233e+01,-2.337802211917560413e+01,-1.391968701935571850e+01,-2.798361114307970965e+00,-3.446766045964520797e-02
-2.715843965296222251e+01,-2.196106279038014364e+01,-1.436975681454531895e+01,-4.058994446485193031e+00,-2.651455306014974256e-02
-2.975369281602659655e+01,-2.406803667305262096e+01,-1.440985640229813924e+01,-3.756439898003381739e+00,-1.334961242952198077e-02
-3.152767825901822718e+01,-2.545085730353040887e+01,-1.415270323817778397e+01,-3.709062118178639622e+00,1.276176625531906181e-03
-2.028152553678730285e+01,-1.709173208498503271e+01,-1.432273046601575928e+01,-5.497700845853654705e+00,1.524566785442429788e-02
-3.210628144663827044e+01,-2.586990014311355068e+01,-1.361342141564520780e+01,-2.646170112402206342e+00,-4.398806573086450067e-02
-2.971403922824012866e+01,-2.397463882347094710e+01,-1.374740324820758808e+01,-3.073993546024889056e+00,-3.717686706628024057e-02
-2.684565869143169081e+01,-2.194104885332033206e+01,-1.553658858869831505e+01,-4.731842341091135218e+00,2.612043282215244320e-03
-2.333850082207838383e+01,-1.918671228660264205e+01,-1.382831493832161129e+01,-6.225173233460109756e+00,-4.131627730040744045e-02
-1.851574175167183256e+01,-1.565486459182846879e+01,-1.398996475562773334e+01,-2.987345187211005282e+00,1.273002689845765222e-02
-3.194629664259849022e+01,-2.565156191493042925e+01,-1.467304107895368936e+01,-3.248353735035503842e+00,-2.877785083274680272e-02
-2.926412238057686466e+01,-2.375985911563778785e+01,-1.455615456201138969e+01,-4.658144245788357729e+00,-1.054939681130113299e-02
-2.644659113657455052e+01,-2.152773726489071748e+01,-1.384280709028249845e+01,-4.408930341260313135e+00,-4.884290656395528368e-02
-2.363928629113831903e+01,-1.933042473986241916e+01,-1.313142654410830978e+01,-5.233519886061701598e+00,-1.118816822220394282e-02
-2.967470266386603939e+01,-2.405017505132496680e+01,-1.434469545647932343e+01,-2.907927428987036933e+00,-3.742752513086517602e-02
-3.117400436658412843e+01,-2.513767471898750472e+01,-1.367880815017344887e+01,-2.174963711479001915e+00,-4.104056287141555348e-02
-3.053282026647595515e+01,-2.476340179145197951e+01,-1.333458421211302536e+01,-2.830040014907453827e+00,-2.891501192211215487e-02
-2.945013694757818357e+01,-2.377565849867808012e+01,-1.386079486540317696e+01,-3.250550683590848866e+00,-1.245289853385456863e-02
-2.954965996567747410e+01,-2.386072819592330774e+01,-1.415992175534353947e+01,-3.778206136228630996e+00,-3.479318233824090639e-02
-3.256501117116744837e+01,-2.613701806118136162e+01,-1.405507585735245790e+01,-3.321629397956131324e+00,-4.147770796486226208e-02
-2.074836351402874968e+01,-1.736686921736808387e+01,-1.489217810404162989e+01,-6.060316265508363109e+00,1.299975798103239141e-02
-2.990116893455673264e+01,-2.415372108999094181e+01,-1.450642576742599488e+01,-3.633572798951688387e+00,-7.569908128098956981e-03
-3.098245860475701363e+01,-2.495044471621468318e+01,-1.483544520422093704e+01,-3.098726303009985195e+00,-1.558437462648366856e-02
-2.630708072152790322e+01,-2.153499311839154728e+01,-1.433050490494061968e+01,-5.258241715317496734e+00,1.488513848079770288e-02
-1.606901777973084222e+01,-1.346725614616323163e+01,-1.461972350764406947e+01,-4.964650368303516359e+00,-1.714747582226604575e-02
-2.948871425414534997e+01,-2.382406354728494335e+01,-1.420500957610613924e+01,-5.132619702938699291e+00,8.670548726589328778e-03
-2.638763060639714197e+01,-2.205177538432733542e+01,-1.454389200028078299e+01,-3.589061339059450795e+00,7.321014221994670947e-04
-2.726908097613364390e+01,-2.209352558947428591e+01,-1.470832212387227855e+01,-5.363048760194219611e+00,-3.721819190286262957e-02
-3.346598399546958547e+01,-2.683850337894435967e+01,-1.348865095276894088e+01,-3.632258374270596057e+00,-4.351911302023313277e-02
-2.901951202425733456e+01,-2.355016129864458918e+01,-1.445516117864501382e+01,-4.165552520644667744e+00,-3.302709839852814577e-02
-3.012216076085127980e+01,-2.435541609466174151e+01,-1.440339437315581606e+01,-5.320753407470365737e+00,-3.786283178457656995e-02
-2.041471518806309149e+01,-1.712987818558936226e+01,-1.385046509286797800e+01,-2.997466779987036922e+00,-9.916729911355321933e-03
-2.175838708321679249e+01,-1.807960777421100218e+01,-1.322854386086042666e+01,-6.166472470681036100e+00,4.940630786023469945e-03
-2.937714954509882403e+01,-2.357937896698852853e+01,-1.434281514889190312e+01,-3.114588209655054563e+00,-2.755006563665622979e-02
-2.297583020737253534e+01,-1.875051191434469189e+01,-1.378735764834982724e+01,-4.568457621770920518e+00,-4.747481810572781215e-03
-2.722213740638550306e+01,-2.202727819367900253e+01,-1.449890899600081617e+01,-5.187642294021038936e+00,-8.348766482935178479e-03
-2.831544088058325315e+01,-2.275901846303779763e+01,-1.338131476036462963e+01,-3.236302268000142757e+00,-4.801334574694449131e-02
-3.042443392030731886e+01,-2.461055205886309238e+01,-1.497451599216791429e+01,-4.116733385184215166e+00,-2.569085964939294559e-02
-3.021067268373254677e+01,-2.431749170874717336e+01,-1.397716407971887342e+01,-3.457874530562366822e+00,-9.327021432871925380e-03
-2.727509281944637820e+01,-2.210793763002069667e+01,-1.421324527730802956e+01,-3.860999992940538750e+00,-2.524072008077614393e-02
-3.023395000758739215e+01,-2.445620650918454331e+01,-1.377140771557965415e+01,-2.718389244386281600e+00,-8.936632526110634134e-03
-2.816164561484408679e+01,-2.291715119709358106e+01,-1.485077279241843407e+01,-4.409992506905372700e+00,-1.746068199962693898e-02
-2.694969915802174398e+01,-2.203219790711789372e+01,-1.417684553477525178e+01,-2.842124453412644858e+00,-3.743258936198739367e-02
-2.845425150135244152e+01,-2.326363908527698499e+01,-1.463057534392534187e+01,-3.906535368303833078e+00,-1.905101945363757432e-02
-3.094199292868904294e+01,-2.481767059575767576e+01,-1.364788275437338960e+01,-3.170608107129007536e+00,-1.522763808966391859e-02
-2.441830979871951612e+01,-1.994831548195923432e+01,-1.291773194233737243e+01,-2.988924798634726709e+00,-1.940770820830933774e-02
-2.902317405913722936e+01,-2.337137720514409267e+01,-1.428849365087268097e+01,-2.460405105157522865e+00,-3.908171500723645053e-02
-2.145198976255613132e+01,-1.792844446025173255e+01,-1.423992814531749751e+01,-5.125922386071622761e+00,4.083834573269823701e-03
-2.579605734316997001e+01,-2.106974393820266300e+01,-1.489350815577731169e+01,-4.408656556747176047e+00,-1.711076806599683836e-02
-2.954497600842348248e+01,-2.390782322306996477e+01,-1.347710540238393229e+01,-2.576510727053662464e+00,-3.631617043075137385e-02
-2.704120105396888718e+01,-2.199733325524792704e+01,-1.469653551091202104e+01,-3.579783785438984900e+00,-1.135198134257500886e-02
-2.777933648939007583e+01,-2.248426492768429696e+01,-1.410595319981812423e+01,-4.713724289565303316e+00,-1.069605864685232999e-02
-2.910598547457827934e+01,-2.340584954182079969e+01,-1.309226063607107982e+01,-2.693551643398009787e+00,-3.792460132249749621e-02
-2.180661235693329658e+01,-1.823096786870929620e+01,-1.423727765143688195e+01,-5.060152744877633779e+00,1.091816606538655900e-02
-2.737451022645340259e+01,-2.216067314479071371e+01,-1.404344834819538690e+01,-3.653416097923815276e+00,-2.873045407945589921e-02
-2.735191858857927016e+01,-2.212584636858430187e+01,-1.306727140991490721e+01,-5.039189774596656513e+00,1.928264322122975188e-02
-3.018717229131712543e+01,-2.431009861383750703e+01,-1.377101177447446645e+01,-3.477660397416770799e+00,-1.336132361798497009e-02
-2.767416183376635885e+01,-2.241121506228839522e+01,-1.339075718432558837e+01,-3.234374113940702955e+00,-2.694253514771299471e-02
-2.108902047614969177e+01,-1.771548834822432994e+01,-1.409178404977766874e+01,-4.593268475789298755e+00,1.156369170153685733e-02
-2.788472165354246002e+01,-2.245431518622593003e+01,-1.431746714992120140e+01,-3.806361647336208520e+00,-4.528880396992784885e-02
-2.841290319615255910e+01,-2.304386957255277935e+01,-1.376984192946745900e+01,-3.422592914479879678e+00,-8.072317725672503719e-03
-2.705129074878876594e+01,-2.199189196367599308e+01,-1.405389801580852627e+01,-3.756067295570368447e+00,2.749444618492009971e-03
-2.683420230307658727e+01,-2.174154826029072751e+01,-1.392831031286756271e+01,-5.243211688767231315e+00,-2.337457318982535948e-02
-3.184998577524112306e+01,-2.561324645915004439e+01,-1.384558209755090452e+01,-3.912693445842484685e+00,-8.950034878880023387e-03
-2.910447737667008283e+01,-2.330875405492519192e+01,-1.459884638174846039e+01,-4.194570208981347470e+00,-1.786261328275007970e-02
-3.011179500391485675e+01,-2.430698223257213542e+01,-1.457850021490250825e+01,-3.704009426596707844e+00,-2.932465256922790753e-02
